Workbook

Sheet Summary Dashboard
A1: Meridian Pay Solutions — Third-Party Vendor Risk Assessment
A2: NIST CSF 2.0 / SIG Lite Aligned | Fictional Case Study | Assessment Period: Q1 2026
A4: Vendor | B4: Service Type | C4: Risk Tier | D4: Overall Score | E4: Risk Rating | F4: Domains Passed | G4: Domains Partial | H4: Domains Failed | I4: Assessment Date | J4: Assessor
A5: AWS | B5: Cloud Infrastructure | C5: Tier 1 – Critical | D5: =AWS!D100 -> 1 | E5: =AWS!D101 -> Low Risk | I5: 2026-01-20 | J5: GRC Analyst
A6: Payment Gateway | B6: Card Network / Tokenization | C6: Tier 1 – Critical | D6: ='Payment Gateway'!D100 -> 0.99305556 | E6: ='Payment Gateway'!D101 -> Low Risk | I6: 2026-01-20 | J6: GRC Analyst
A7: Okta | B7: Workforce Identity / SSO | C7: Tier 1 – Critical | D7: =Okta!D100 -> 1 | E7: =Okta!D101 -> Low Risk | I7: 2026-01-20 | J7: GRC Analyst
A8: KYC Vendor | B8: Identity Verification | C8: Tier 2 – High | D8: ='KYC Vendor'!D100 -> 0.75260417 | E8: ='KYC Vendor'!D101 -> Medium Risk | I8: 2026-01-20 | J8: GRC Analyst
A9: Support Contractor A | B9: Offshore Customer Support | C9: Tier 2 – High | D9: ='Support Contractor A'!D100 -> 0.30208333 | E9: ='Support Contractor A'!D101 -> Critical Risk | I9: 2026-01-20 | J9: GRC Analyst
A10: Support Contractor B | B10: Offshore Customer Support | C10: Tier 2 – High | D10: ='Support Contractor B'!D100 -> 0.24652778 | E10: ='Support Contractor B'!D101 -> Critical Risk | I10: 2026-01-20 | J10: GRC Analyst
A11: HRIS / Payroll Vendor | B11: HR & Payroll Processing | C11: Tier 2 – High | D11: ='HRIS - Payroll Vendo'!D100 -> 0.75086806 | E11: ='HRIS - Payroll Vendo'!D101 -> Medium Risk | I11: 2026-01-20 | J11: GRC Analyst

Sheet AWS
A1: Vendor Risk Assessment — AWS
A2: Service: Cloud Infrastructure | Risk Tier: Tier 1 – Critical | Meridian Pay Solutions | Q1 2026
A4: # | B4: Question | C4: Response (Y/P/N/NA) | D4: Score | E4: Notes / Evidence Required
A5: Domain 1: Organizational Security Governance
A6: 1 | B6: Does the vendor have a documented Information Security Policy reviewed at least annually? | C6: Yes | D6: =_xlfn.IFS(C6="Yes",1,C6="Partial",0.5,C6="N/A","N/A",C6="No",0) -> 1 | E6: Documentation / certification on file or available upon request.
A7: 2 | B7: Is there a dedicated security leadership role (CISO or equivalent)? | C7: Yes | D7: =_xlfn.IFS(C7="Yes",1,C7="Partial",0.5,C7="N/A","N/A",C7="No",0) -> 1 | E7: Documentation / certification on file or available upon request.
A8: 3 | B8: Does the vendor conduct annual security risk assessments? | C8: Yes | D8: =_xlfn.IFS(C8="Yes",1,C8="Partial",0.5,C8="N/A","N/A",C8="No",0) -> 1 | E8: Documentation / certification on file or available upon request.
A9: 4 | B9: Are security roles and responsibilities formally documented and communicated to staff? | C9: Yes | D9: =_xlfn.IFS(C9="Yes",1,C9="Partial",0.5,C9="N/A","N/A",C9="No",0) -> 1 | E9: Documentation / certification on file or available upon request.
A10: 5 | B10: Does the vendor maintain a security awareness training program for all employees? | C10: Yes | D10: =_xlfn.IFS(C10="Yes",1,C10="Partial",0.5,C10="N/A","N/A",C10="No",0) -> 1 | E10: Documentation / certification on file or available upon request.
A11: 6 | B11: Does the vendor have a formal third-party / supply chain risk management program? | C11: Yes | D11: =_xlfn.IFS(C11="Yes",1,C11="Partial",0.5,C11="N/A","N/A",C11="No",0) -> 1 | E11: Documentation / certification on file or available upon request.
A12: 7 | B12: Are security metrics reported regularly to executive leadership or a board? | C12: Yes | D12: =_xlfn.IFS(C12="Yes",1,C12="Partial",0.5,C12="N/A","N/A",C12="No",0) -> 1 | E12: Documentation / certification on file or available upon request.
A13: 8 | B13: Does the vendor perform background checks on employees with access to client data? | C13: Yes | D13: =_xlfn.IFS(C13="Yes",1,C13="Partial",0.5,C13="N/A","N/A",C13="No",0) -> 1 | E13: Documentation / certification on file or available upon request.
A14: 9 | B14: Does the vendor have a documented acceptable use policy for systems and data? | C14: Yes | D14: =_xlfn.IFS(C14="Yes",1,C14="Partial",0.5,C14="N/A","N/A",C14="No",0) -> 1 | E14: Documentation / certification on file or available upon request.
B15: Domain 1 Score — Organizational Security Governance | D15: =IFERROR(AVERAGEIF(D6:D14,"<>N/A",D6:D14),0) -> 1
A17: Domain 2: Data Security & Classification
A18: 10 | B18: Does the vendor maintain a data classification policy (e.g., Public, Confidential, Restricted)? | C18: Yes | D18: =_xlfn.IFS(C18="Yes",1,C18="Partial",0.5,C18="N/A","N/A",C18="No",0) -> 1 | E18: Documentation / certification on file or available upon request.
A19: 11 | B19: Is data at rest encrypted using industry-standard algorithms (AES-256 or equivalent)? | C19: Yes | D19: =_xlfn.IFS(C19="Yes",1,C19="Partial",0.5,C19="N/A","N/A",C19="No",0) -> 1 | E19: Documentation / certification on file or available upon request.
A20: 12 | B20: Is data in transit encrypted using TLS 1.2 or higher? | C20: Yes | D20: =_xlfn.IFS(C20="Yes",1,C20="Partial",0.5,C20="N/A","N/A",C20="No",0) -> 1 | E20: Documentation / certification on file or available upon request.
A21: 13 | B21: Does the vendor maintain a data inventory identifying where client data is stored and processed? | C21: Yes | D21: =_xlfn.IFS(C21="Yes",1,C21="Partial",0.5,C21="N/A","N/A",C21="No",0) -> 1 | E21: Documentation / certification on file or available upon request.
A22: 14 | B22: Are data retention and destruction policies documented and enforced? | C22: Yes | D22: =_xlfn.IFS(C22="Yes",1,C22="Partial",0.5,C22="N/A","N/A",C22="No",0) -> 1 | E22: Documentation / certification on file or available upon request.
A23: 15 | B23: Does the vendor restrict data processing to agreed geographic regions / jurisdictions? | C23: Yes | D23: =_xlfn.IFS(C23="Yes",1,C23="Partial",0.5,C23="N/A","N/A",C23="No",0) -> 1 | E23: Documentation / certification on file or available upon request.
A24: 16 | B24: Are encryption keys managed via a formal key management process (rotation, revocation)? | C24: Yes | D24: =_xlfn.IFS(C24="Yes",1,C24="Partial",0.5,C24="N/A","N/A",C24="No",0) -> 1 | E24: Documentation / certification on file or available upon request.
A25: 17 | B25: Is client data logically separated from other customers' data (multi-tenant controls)? | C25: Yes | D25: =_xlfn.IFS(C25="Yes",1,C25="Partial",0.5,C25="N/A","N/A",C25="No",0) -> 1 | E25: Documentation / certification on file or available upon request.
A26: 18 | B26: Does the vendor have controls preventing unauthorized copying or exfiltration of data? | C26: Yes | D26: =_xlfn.IFS(C26="Yes",1,C26="Partial",0.5,C26="N/A","N/A",C26="No",0) -> 1 | E26: Documentation / certification on file or available upon request.
B27: Domain 2 Score — Data Security & Classification | D27: =IFERROR(AVERAGEIF(D18:D26,"<>N/A",D18:D26),0) -> 1
A29: Domain 3: Access Control & Identity Management
A30: 19 | B30: Is multi-factor authentication (MFA) enforced for all access to systems handling client data? | C30: Yes | D30: =_xlfn.IFS(C30="Yes",1,C30="Partial",0.5,C30="N/A","N/A",C30="No",0) -> 1 | E30: Documentation / certification on file or available upon request.
A31: 20 | B31: Is role-based access control (RBAC) implemented with least-privilege principles? | C31: Yes | D31: =_xlfn.IFS(C31="Yes",1,C31="Partial",0.5,C31="N/A","N/A",C31="No",0) -> 1 | E31: Documentation / certification on file or available upon request.
A32: 21 | B32: Are privileged accounts (admin/root) managed separately with enhanced controls? | C32: Yes | D32: =_xlfn.IFS(C32="Yes",1,C32="Partial",0.5,C32="N/A","N/A",C32="No",0) -> 1 | E32: Documentation / certification on file or available upon request.
A33: 22 | B33: Are access rights reviewed and recertified at least quarterly? | C33: Yes | D33: =_xlfn.IFS(C33="Yes",1,C33="Partial",0.5,C33="N/A","N/A",C33="No",0) -> 1 | E33: Documentation / certification on file or available upon request.
A34: 23 | B34: Is access promptly revoked upon employee termination or role change? | C34: Yes | D34: =_xlfn.IFS(C34="Yes",1,C34="Partial",0.5,C34="N/A","N/A",C34="No",0) -> 1 | E34: Documentation / certification on file or available upon request.
A35: 24 | B35: Are all remote access sessions secured via VPN or equivalent encrypted tunnel? | C35: Yes | D35: =_xlfn.IFS(C35="Yes",1,C35="Partial",0.5,C35="N/A","N/A",C35="No",0) -> 1 | E35: Documentation / certification on file or available upon request.
A36: 25 | B36: Is single sign-on (SSO) implemented with a centralized identity provider? | C36: Yes | D36: =_xlfn.IFS(C36="Yes",1,C36="Partial",0.5,C36="N/A","N/A",C36="No",0) -> 1 | E36: Documentation / certification on file or available upon request.
A37: 26 | B37: Are service accounts inventoried and subject to the same access controls as user accounts? | C37: Yes | D37: =_xlfn.IFS(C37="Yes",1,C37="Partial",0.5,C37="N/A","N/A",C37="No",0) -> 1 | E37: Documentation / certification on file or available upon request.
A38: 27 | B38: Does the vendor log and monitor all privileged account activity? | C38: Yes | D38: =_xlfn.IFS(C38="Yes",1,C38="Partial",0.5,C38="N/A","N/A",C38="No",0) -> 1 | E38: Documentation / certification on file or available upon request.
B39: Domain 3 Score — Access Control & Identity Management | D39: =IFERROR(AVERAGEIF(D30:D38,"<>N/A",D30:D38),0) -> 1
A41: Domain 4: Incident Response & Notification
A42: 28 | B42: Does the vendor have a documented and tested Incident Response Plan (IRP)? | C42: Yes | D42: =_xlfn.IFS(C42="Yes",1,C42="Partial",0.5,C42="N/A","N/A",C42="No",0) -> 1 | E42: Documentation / certification on file or available upon request.
A43: 29 | B43: Are incident response roles and responsibilities (RACI) formally defined? | C43: Yes | D43: =_xlfn.IFS(C43="Yes",1,C43="Partial",0.5,C43="N/A","N/A",C43="No",0) -> 1 | E43: Documentation / certification on file or available upon request.
A44: 30 | B44: Does the vendor conduct tabletop exercises or simulated incident drills at least annually? | C44: Yes | D44: =_xlfn.IFS(C44="Yes",1,C44="Partial",0.5,C44="N/A","N/A",C44="No",0) -> 1 | E44: Documentation / certification on file or available upon request.
A45: 31 | B45: Is there a defined incident severity classification and escalation framework? | C45: Yes | D45: =_xlfn.IFS(C45="Yes",1,C45="Partial",0.5,C45="N/A","N/A",C45="No",0) -> 1 | E45: Documentation / certification on file or available upon request.
A46: 32 | B46: Will the vendor notify Meridian Pay of a confirmed breach within 24 hours of discovery? | C46: Yes | D46: =_xlfn.IFS(C46="Yes",1,C46="Partial",0.5,C46="N/A","N/A",C46="No",0) -> 1 | E46: Documentation / certification on file or available upon request.
A47: 33 | B47: Does the vendor maintain forensic readiness procedures (evidence preservation)? | C47: Yes | D47: =_xlfn.IFS(C47="Yes",1,C47="Partial",0.5,C47="N/A","N/A",C47="No",0) -> 1 | E47: Documentation / certification on file or available upon request.
A48: 34 | B48: Is there a defined process for post-incident review and lessons-learned documentation? | C48: Yes | D48: =_xlfn.IFS(C48="Yes",1,C48="Partial",0.5,C48="N/A","N/A",C48="No",0) -> 1 | E48: Documentation / certification on file or available upon request.
A49: 35 | B49: Does the vendor have a 24/7 security operations or on-call capability for incident response? | C49: Yes | D49: =_xlfn.IFS(C49="Yes",1,C49="Partial",0.5,C49="N/A","N/A",C49="No",0) -> 1 | E49: Documentation / certification on file or available upon request.
A50: 36 | B50: Are breach notification procedures mapped to applicable regulatory timelines? | C50: Yes | D50: =_xlfn.IFS(C50="Yes",1,C50="Partial",0.5,C50="N/A","N/A",C50="No",0) -> 1 | E50: Documentation / certification on file or available upon request.
B51: Domain 4 Score — Incident Response & Notification | D51: =IFERROR(AVERAGEIF(D42:D50,"<>N/A",D42:D50),0) -> 1
A53: Domain 5: Business Continuity & Disaster Recovery
A54: 37 | B54: Does the vendor have a documented Business Continuity Plan (BCP)? | C54: Yes | D54: =_xlfn.IFS(C54="Yes",1,C54="Partial",0.5,C54="N/A","N/A",C54="No",0) -> 1 | E54: Documentation / certification on file or available upon request.
A55: 38 | B55: Does the vendor have a documented Disaster Recovery Plan (DRP)? | C55: Yes | D55: =_xlfn.IFS(C55="Yes",1,C55="Partial",0.5,C55="N/A","N/A",C55="No",0) -> 1 | E55: Documentation / certification on file or available upon request.
A56: 39 | B56: Are BCP/DRP tested via tabletop exercises or live failover at least annually? | C56: Yes | D56: =_xlfn.IFS(C56="Yes",1,C56="Partial",0.5,C56="N/A","N/A",C56="No",0) -> 1 | E56: Documentation / certification on file or available upon request.
A57: 40 | B57: Are Recovery Time Objectives (RTO) and Recovery Point Objectives (RPO) formally defined? | C57: Yes | D57: =_xlfn.IFS(C57="Yes",1,C57="Partial",0.5,C57="N/A","N/A",C57="No",0) -> 1 | E57: Documentation / certification on file or available upon request.
A58: 41 | B58: Are production systems and data backed up at a frequency consistent with defined RPO? | C58: Yes | D58: =_xlfn.IFS(C58="Yes",1,C58="Partial",0.5,C58="N/A","N/A",C58="No",0) -> 1 | E58: Documentation / certification on file or available upon request.
A59: 42 | B59: Are backups stored in a geographically separate location from primary systems? | C59: Yes | D59: =_xlfn.IFS(C59="Yes",1,C59="Partial",0.5,C59="N/A","N/A",C59="No",0) -> 1 | E59: Documentation / certification on file or available upon request.
A60: 43 | B60: Are backup restoration procedures tested at least semi-annually? | C60: Yes | D60: =_xlfn.IFS(C60="Yes",1,C60="Partial",0.5,C60="N/A","N/A",C60="No",0) -> 1 | E60: Documentation / certification on file or available upon request.
A61: 44 | B61: Does the vendor maintain redundant infrastructure (availability zones, failover)? | C61: Yes | D61: =_xlfn.IFS(C61="Yes",1,C61="Partial",0.5,C61="N/A","N/A",C61="No",0) -> 1 | E61: Documentation / certification on file or available upon request.
A62: 45 | B62: Are critical third-party dependencies included in BCP/DRP scope? | C62: Yes | D62: =_xlfn.IFS(C62="Yes",1,C62="Partial",0.5,C62="N/A","N/A",C62="No",0) -> 1 | E62: Documentation / certification on file or available upon request.
B63: Domain 5 Score — Business Continuity & Disaster Recovery | D63: =IFERROR(AVERAGEIF(D54:D62,"<>N/A",D54:D62),0) -> 1
A65: Domain 6: Infrastructure & Network Security
A66: 46 | B66: Does the vendor conduct vulnerability scanning on a defined recurring schedule? | C66: Yes | D66: =_xlfn.IFS(C66="Yes",1,C66="Partial",0.5,C66="N/A","N/A",C66="No",0) -> 1 | E66: Documentation / certification on file or available upon request.
A67: 47 | B67: Does the vendor conduct penetration testing at least annually by a qualified third party? | C67: Yes | D67: =_xlfn.IFS(C67="Yes",1,C67="Partial",0.5,C67="N/A","N/A",C67="No",0) -> 1 | E67: Documentation / certification on file or available upon request.
A68: 48 | B68: Are security patches applied within defined SLAs (e.g., critical within 30 days)? | C68: Yes | D68: =_xlfn.IFS(C68="Yes",1,C68="Partial",0.5,C68="N/A","N/A",C68="No",0) -> 1 | E68: Documentation / certification on file or available upon request.
A69: 49 | B69: Is network traffic segmented to isolate sensitive systems from general corporate networks? | C69: Yes | D69: =_xlfn.IFS(C69="Yes",1,C69="Partial",0.5,C69="N/A","N/A",C69="No",0) -> 1 | E69: Documentation / certification on file or available upon request.
A70: 50 | B70: Does the vendor operate a centralized SIEM or log management platform? | C70: Yes | D70: =_xlfn.IFS(C70="Yes",1,C70="Partial",0.5,C70="N/A","N/A",C70="No",0) -> 1 | E70: Documentation / certification on file or available upon request.
A71: 51 | B71: Are security alerts monitored continuously (24/7) by a SOC or equivalent function? | C71: Yes | D71: =_xlfn.IFS(C71="Yes",1,C71="Partial",0.5,C71="N/A","N/A",C71="No",0) -> 1 | E71: Documentation / certification on file or available upon request.
A72: 52 | B72: Is a Web Application Firewall (WAF) deployed for customer-facing applications? | C72: Yes | D72: =_xlfn.IFS(C72="Yes",1,C72="Partial",0.5,C72="N/A","N/A",C72="No",0) -> 1 | E72: Documentation / certification on file or available upon request.
A73: 53 | B73: Are endpoint devices managed and protected with EDR or equivalent endpoint controls? | C73: Yes | D73: =_xlfn.IFS(C73="Yes",1,C73="Partial",0.5,C73="N/A","N/A",C73="No",0) -> 1 | E73: Documentation / certification on file or available upon request.
A74: 54 | B74: Is configuration management / hardening applied to all production systems? | C74: Yes | D74: =_xlfn.IFS(C74="Yes",1,C74="Partial",0.5,C74="N/A","N/A",C74="No",0) -> 1 | E74: Documentation / certification on file or available upon request.
B75: Domain 6 Score — Infrastructure & Network Security | D75: =IFERROR(AVERAGEIF(D66:D74,"<>N/A",D66:D74),0) -> 1
A77: Domain 7: Compliance & Certifications
A78: 55 | B78: Does the vendor hold a current SOC 2 Type II report (within last 12 months)? | C78: Yes | D78: =_xlfn.IFS(C78="Yes",1,C78="Partial",0.5,C78="N/A","N/A",C78="No",0) -> 1 | E78: Documentation / certification on file or available upon request.
A79: 56 | B79: Does the vendor hold ISO 27001 certification or equivalent? | C79: Yes | D79: =_xlfn.IFS(C79="Yes",1,C79="Partial",0.5,C79="N/A","N/A",C79="No",0) -> 1 | E79: Documentation / certification on file or available upon request.
A80: 57 | B80: Is the vendor PCI-DSS compliant (if applicable to services provided)? | C80: N/A | D80: =_xlfn.IFS(C80="Yes",1,C80="Partial",0.5,C80="N/A","N/A",C80="No",0) -> N/A | E80: Not applicable to this vendor's service scope.
A81: 58 | B81: Does the vendor comply with applicable data privacy regulations (e.g., CCPA, GDPR)? | C81: Yes | D81: =_xlfn.IFS(C81="Yes",1,C81="Partial",0.5,C81="N/A","N/A",C81="No",0) -> 1 | E81: Documentation / certification on file or available upon request.
A82: 59 | B82: Are compliance certifications made available to Meridian Pay upon request? | C82: Yes | D82: =_xlfn.IFS(C82="Yes",1,C82="Partial",0.5,C82="N/A","N/A",C82="No",0) -> 1 | E82: Documentation / certification on file or available upon request.
A83: 60 | B83: Does the vendor undergo annual third-party security audits? | C83: Yes | D83: =_xlfn.IFS(C83="Yes",1,C83="Partial",0.5,C83="N/A","N/A",C83="No",0) -> 1 | E83: Documentation / certification on file or available upon request.
A84: 61 | B84: Are audit findings tracked and remediated within agreed timeframes? | C84: Yes | D84: =_xlfn.IFS(C84="Yes",1,C84="Partial",0.5,C84="N/A","N/A",C84="No",0) -> 1 | E84: Documentation / certification on file or available upon request.
A85: 62 | B85: Does the vendor maintain a formal compliance program with dedicated ownership? | C85: Yes | D85: =_xlfn.IFS(C85="Yes",1,C85="Partial",0.5,C85="N/A","N/A",C85="No",0) -> 1 | E85: Documentation / certification on file or available upon request.
A86: 63 | B86: Is the vendor's compliance posture reviewed as part of the contract renewal process? | C86: Yes | D86: =_xlfn.IFS(C86="Yes",1,C86="Partial",0.5,C86="N/A","N/A",C86="No",0) -> 1 | E86: Documentation / certification on file or available upon request.
B87: Domain 7 Score — Compliance & Certifications | D87: =IFERROR(AVERAGEIF(D78:D86,"<>N/A",D78:D86),0) -> 1
A89: Domain 8: Fourth-Party / Subcontractor Risk
A90: 64 | B90: Does the vendor maintain an inventory of all subcontractors with access to client data? | C90: Yes | D90: =_xlfn.IFS(C90="Yes",1,C90="Partial",0.5,C90="N/A","N/A",C90="No",0) -> 1 | E90: Documentation / certification on file or available upon request.
A91: 65 | B91: Are subcontractors subject to security assessments before engagement? | C91: Yes | D91: =_xlfn.IFS(C91="Yes",1,C91="Partial",0.5,C91="N/A","N/A",C91="No",0) -> 1 | E91: Documentation / certification on file or available upon request.
A92: 66 | B92: Are subcontractors contractually required to meet equivalent security standards? | C92: Yes | D92: =_xlfn.IFS(C92="Yes",1,C92="Partial",0.5,C92="N/A","N/A",C92="No",0) -> 1 | E92: Documentation / certification on file or available upon request.
A93: 67 | B93: Does the vendor require notification to Meridian Pay before engaging new subcontractors? | C93: Yes | D93: =_xlfn.IFS(C93="Yes",1,C93="Partial",0.5,C93="N/A","N/A",C93="No",0) -> 1 | E93: Documentation / certification on file or available upon request.
A94: 68 | B94: Are subcontractor access rights limited to the minimum necessary for service delivery? | C94: Yes | D94: =_xlfn.IFS(C94="Yes",1,C94="Partial",0.5,C94="N/A","N/A",C94="No",0) -> 1 | E94: Documentation / certification on file or available upon request.
A95: 69 | B95: Are subcontractor relationships included in the vendor's BCP/DRP scope? | C95: Yes | D95: =_xlfn.IFS(C95="Yes",1,C95="Partial",0.5,C95="N/A","N/A",C95="No",0) -> 1 | E95: Documentation / certification on file or available upon request.
A96: 70 | B96: Does the vendor conduct periodic reviews of subcontractor compliance? | C96: Yes | D96: =_xlfn.IFS(C96="Yes",1,C96="Partial",0.5,C96="N/A","N/A",C96="No",0) -> 1 | E96: Documentation / certification on file or available upon request.
A97: 71 | B97: Are subcontractors prohibited from further sub-contracting without prior approval? | C97: Yes | D97: =_xlfn.IFS(C97="Yes",1,C97="Partial",0.5,C97="N/A","N/A",C97="No",0) -> 1 | E97: Documentation / certification on file or available upon request.
B98: Domain 8 Score — Fourth-Party / Subcontractor Risk | D98: =IFERROR(AVERAGEIF(D90:D97,"<>N/A",D90:D97),0) -> 1
A100: OVERALL VENDOR SCORE | D100: =AVERAGE(D15,D27,D39,D51,D63,D75,D87,D98) -> 1
A101: RISK RATING | D101: =_xlfn.IFS(D100>=0.85,"Low Risk",D100>=0.65,"Medium Risk",D100>=0.45,"High Risk",D100<0.45,"Critical Risk") -> Low Risk

Sheet Payment Gateway
A1: Vendor Risk Assessment — Payment Gateway
A2: Service: Card Network / Tokenization | Risk Tier: Tier 1 – Critical | Meridian Pay Solutions | Q1 2026
A4: # | B4: Question | C4: Response (Y/P/N/NA) | D4: Score | E4: Notes / Evidence Required
A5: Domain 1: Organizational Security Governance
A6: 1 | B6: Does the vendor have a documented Information Security Policy reviewed at least annually? | C6: Yes | D6: =_xlfn.IFS(C6="Yes",1,C6="Partial",0.5,C6="N/A","N/A",C6="No",0) -> 1 | E6: Documentation / certification on file or available upon request.
A7: 2 | B7: Is there a dedicated security leadership role (CISO or equivalent)? | C7: Yes | D7: =_xlfn.IFS(C7="Yes",1,C7="Partial",0.5,C7="N/A","N/A",C7="No",0) -> 1 | E7: Documentation / certification on file or available upon request.
A8: 3 | B8: Does the vendor conduct annual security risk assessments? | C8: Yes | D8: =_xlfn.IFS(C8="Yes",1,C8="Partial",0.5,C8="N/A","N/A",C8="No",0) -> 1 | E8: Documentation / certification on file or available upon request.
A9: 4 | B9: Are security roles and responsibilities formally documented and communicated to staff? | C9: Yes | D9: =_xlfn.IFS(C9="Yes",1,C9="Partial",0.5,C9="N/A","N/A",C9="No",0) -> 1 | E9: Documentation / certification on file or available upon request.
A10: 5 | B10: Does the vendor maintain a security awareness training program for all employees? | C10: Yes | D10: =_xlfn.IFS(C10="Yes",1,C10="Partial",0.5,C10="N/A","N/A",C10="No",0) -> 1 | E10: Documentation / certification on file or available upon request.
A11: 6 | B11: Does the vendor have a formal third-party / supply chain risk management program? | C11: Yes | D11: =_xlfn.IFS(C11="Yes",1,C11="Partial",0.5,C11="N/A","N/A",C11="No",0) -> 1 | E11: Documentation / certification on file or available upon request.
A12: 7 | B12: Are security metrics reported regularly to executive leadership or a board? | C12: Yes | D12: =_xlfn.IFS(C12="Yes",1,C12="Partial",0.5,C12="N/A","N/A",C12="No",0) -> 1 | E12: Documentation / certification on file or available upon request.
A13: 8 | B13: Does the vendor perform background checks on employees with access to client data? | C13: Yes | D13: =_xlfn.IFS(C13="Yes",1,C13="Partial",0.5,C13="N/A","N/A",C13="No",0) -> 1 | E13: Documentation / certification on file or available upon request.
A14: 9 | B14: Does the vendor have a documented acceptable use policy for systems and data? | C14: Yes | D14: =_xlfn.IFS(C14="Yes",1,C14="Partial",0.5,C14="N/A","N/A",C14="No",0) -> 1 | E14: Documentation / certification on file or available upon request.
B15: Domain 1 Score — Organizational Security Governance | D15: =IFERROR(AVERAGEIF(D6:D14,"<>N/A",D6:D14),0) -> 1
A17: Domain 2: Data Security & Classification
A18: 10 | B18: Does the vendor maintain a data classification policy (e.g., Public, Confidential, Restricted)? | C18: Yes | D18: =_xlfn.IFS(C18="Yes",1,C18="Partial",0.5,C18="N/A","N/A",C18="No",0) -> 1 | E18: Documentation / certification on file or available upon request.
A19: 11 | B19: Is data at rest encrypted using industry-standard algorithms (AES-256 or equivalent)? | C19: Yes | D19: =_xlfn.IFS(C19="Yes",1,C19="Partial",0.5,C19="N/A","N/A",C19="No",0) -> 1 | E19: Documentation / certification on file or available upon request.
A20: 12 | B20: Is data in transit encrypted using TLS 1.2 or higher? | C20: Yes | D20: =_xlfn.IFS(C20="Yes",1,C20="Partial",0.5,C20="N/A","N/A",C20="No",0) -> 1 | E20: Documentation / certification on file or available upon request.
A21: 13 | B21: Does the vendor maintain a data inventory identifying where client data is stored and processed? | C21: Yes | D21: =_xlfn.IFS(C21="Yes",1,C21="Partial",0.5,C21="N/A","N/A",C21="No",0) -> 1 | E21: Documentation / certification on file or available upon request.
A22: 14 | B22: Are data retention and destruction policies documented and enforced? | C22: Yes | D22: =_xlfn.IFS(C22="Yes",1,C22="Partial",0.5,C22="N/A","N/A",C22="No",0) -> 1 | E22: Documentation / certification on file or available upon request.
A23: 15 | B23: Does the vendor restrict data processing to agreed geographic regions / jurisdictions? | C23: Yes | D23: =_xlfn.IFS(C23="Yes",1,C23="Partial",0.5,C23="N/A","N/A",C23="No",0) -> 1 | E23: Documentation / certification on file or available upon request.
A24: 16 | B24: Are encryption keys managed via a formal key management process (rotation, revocation)? | C24: Yes | D24: =_xlfn.IFS(C24="Yes",1,C24="Partial",0.5,C24="N/A","N/A",C24="No",0) -> 1 | E24: Documentation / certification on file or available upon request.
A25: 17 | B25: Is client data logically separated from other customers' data (multi-tenant controls)? | C25: Yes | D25: =_xlfn.IFS(C25="Yes",1,C25="Partial",0.5,C25="N/A","N/A",C25="No",0) -> 1 | E25: Documentation / certification on file or available upon request.
A26: 18 | B26: Does the vendor have controls preventing unauthorized copying or exfiltration of data? | C26: Yes | D26: =_xlfn.IFS(C26="Yes",1,C26="Partial",0.5,C26="N/A","N/A",C26="No",0) -> 1 | E26: Documentation / certification on file or available upon request.
B27: Domain 2 Score — Data Security & Classification | D27: =IFERROR(AVERAGEIF(D18:D26,"<>N/A",D18:D26),0) -> 1
A29: Domain 3: Access Control & Identity Management
A30: 19 | B30: Is multi-factor authentication (MFA) enforced for all access to systems handling client data? | C30: Yes | D30: =_xlfn.IFS(C30="Yes",1,C30="Partial",0.5,C30="N/A","N/A",C30="No",0) -> 1 | E30: Documentation / certification on file or available upon request.
A31: 20 | B31: Is role-based access control (RBAC) implemented with least-privilege principles? | C31: Yes | D31: =_xlfn.IFS(C31="Yes",1,C31="Partial",0.5,C31="N/A","N/A",C31="No",0) -> 1 | E31: Documentation / certification on file or available upon request.
A32: 21 | B32: Are privileged accounts (admin/root) managed separately with enhanced controls? | C32: Yes | D32: =_xlfn.IFS(C32="Yes",1,C32="Partial",0.5,C32="N/A","N/A",C32="No",0) -> 1 | E32: Documentation / certification on file or available upon request.
A33: 22 | B33: Are access rights reviewed and recertified at least quarterly? | C33: Yes | D33: =_xlfn.IFS(C33="Yes",1,C33="Partial",0.5,C33="N/A","N/A",C33="No",0) -> 1 | E33: Documentation / certification on file or available upon request.
A34: 23 | B34: Is access promptly revoked upon employee termination or role change? | C34: Yes | D34: =_xlfn.IFS(C34="Yes",1,C34="Partial",0.5,C34="N/A","N/A",C34="No",0) -> 1 | E34: Documentation / certification on file or available upon request.
A35: 24 | B35: Are all remote access sessions secured via VPN or equivalent encrypted tunnel? | C35: Yes | D35: =_xlfn.IFS(C35="Yes",1,C35="Partial",0.5,C35="N/A","N/A",C35="No",0) -> 1 | E35: Documentation / certification on file or available upon request.
A36: 25 | B36: Is single sign-on (SSO) implemented with a centralized identity provider? | C36: Yes | D36: =_xlfn.IFS(C36="Yes",1,C36="Partial",0.5,C36="N/A","N/A",C36="No",0) -> 1 | E36: Documentation / certification on file or available upon request.
A37: 26 | B37: Are service accounts inventoried and subject to the same access controls as user accounts? | C37: Yes | D37: =_xlfn.IFS(C37="Yes",1,C37="Partial",0.5,C37="N/A","N/A",C37="No",0) -> 1 | E37: Documentation / certification on file or available upon request.
A38: 27 | B38: Does the vendor log and monitor all privileged account activity? | C38: Yes | D38: =_xlfn.IFS(C38="Yes",1,C38="Partial",0.5,C38="N/A","N/A",C38="No",0) -> 1 | E38: Documentation / certification on file or available upon request.
B39: Domain 3 Score — Access Control & Identity Management | D39: =IFERROR(AVERAGEIF(D30:D38,"<>N/A",D30:D38),0) -> 1
A41: Domain 4: Incident Response & Notification
A42: 28 | B42: Does the vendor have a documented and tested Incident Response Plan (IRP)? | C42: Yes | D42: =_xlfn.IFS(C42="Yes",1,C42="Partial",0.5,C42="N/A","N/A",C42="No",0) -> 1 | E42: Documentation / certification on file or available upon request.
A43: 29 | B43: Are incident response roles and responsibilities (RACI) formally defined? | C43: Yes | D43: =_xlfn.IFS(C43="Yes",1,C43="Partial",0.5,C43="N/A","N/A",C43="No",0) -> 1 | E43: Documentation / certification on file or available upon request.
A44: 30 | B44: Does the vendor conduct tabletop exercises or simulated incident drills at least annually? | C44: Yes | D44: =_xlfn.IFS(C44="Yes",1,C44="Partial",0.5,C44="N/A","N/A",C44="No",0) -> 1 | E44: Documentation / certification on file or available upon request.
A45: 31 | B45: Is there a defined incident severity classification and escalation framework? | C45: Yes | D45: =_xlfn.IFS(C45="Yes",1,C45="Partial",0.5,C45="N/A","N/A",C45="No",0) -> 1 | E45: Documentation / certification on file or available upon request.
A46: 32 | B46: Will the vendor notify Meridian Pay of a confirmed breach within 24 hours of discovery? | C46: Yes | D46: =_xlfn.IFS(C46="Yes",1,C46="Partial",0.5,C46="N/A","N/A",C46="No",0) -> 1 | E46: Documentation / certification on file or available upon request.
A47: 33 | B47: Does the vendor maintain forensic readiness procedures (evidence preservation)? | C47: Yes | D47: =_xlfn.IFS(C47="Yes",1,C47="Partial",0.5,C47="N/A","N/A",C47="No",0) -> 1 | E47: Documentation / certification on file or available upon request.
A48: 34 | B48: Is there a defined process for post-incident review and lessons-learned documentation? | C48: Yes | D48: =_xlfn.IFS(C48="Yes",1,C48="Partial",0.5,C48="N/A","N/A",C48="No",0) -> 1 | E48: Documentation / certification on file or available upon request.
A49: 35 | B49: Does the vendor have a 24/7 security operations or on-call capability for incident response? | C49: Yes | D49: =_xlfn.IFS(C49="Yes",1,C49="Partial",0.5,C49="N/A","N/A",C49="No",0) -> 1 | E49: Documentation / certification on file or available upon request.
A50: 36 | B50: Are breach notification procedures mapped to applicable regulatory timelines? | C50: Yes | D50: =_xlfn.IFS(C50="Yes",1,C50="Partial",0.5,C50="N/A","N/A",C50="No",0) -> 1 | E50: Documentation / certification on file or available upon request.
B51: Domain 4 Score — Incident Response & Notification | D51: =IFERROR(AVERAGEIF(D42:D50,"<>N/A",D42:D50),0) -> 1
A53: Domain 5: Business Continuity & Disaster Recovery
A54: 37 | B54: Does the vendor have a documented Business Continuity Plan (BCP)? | C54: Yes | D54: =_xlfn.IFS(C54="Yes",1,C54="Partial",0.5,C54="N/A","N/A",C54="No",0) -> 1 | E54: Documentation / certification on file or available upon request.
A55: 38 | B55: Does the vendor have a documented Disaster Recovery Plan (DRP)? | C55: Yes | D55: =_xlfn.IFS(C55="Yes",1,C55="Partial",0.5,C55="N/A","N/A",C55="No",0) -> 1 | E55: Documentation / certification on file or available upon request.
A56: 39 | B56: Are BCP/DRP tested via tabletop exercises or live failover at least annually? | C56: Yes | D56: =_xlfn.IFS(C56="Yes",1,C56="Partial",0.5,C56="N/A","N/A",C56="No",0) -> 1 | E56: Documentation / certification on file or available upon request.
A57: 40 | B57: Are Recovery Time Objectives (RTO) and Recovery Point Objectives (RPO) formally defined? | C57: Yes | D57: =_xlfn.IFS(C57="Yes",1,C57="Partial",0.5,C57="N/A","N/A",C57="No",0) -> 1 | E57: Documentation / certification on file or available upon request.
A58: 41 | B58: Are production systems and data backed up at a frequency consistent with defined RPO? | C58: Yes | D58: =_xlfn.IFS(C58="Yes",1,C58="Partial",0.5,C58="N/A","N/A",C58="No",0) -> 1 | E58: Documentation / certification on file or available upon request.
A59: 42 | B59: Are backups stored in a geographically separate location from primary systems? | C59: Yes | D59: =_xlfn.IFS(C59="Yes",1,C59="Partial",0.5,C59="N/A","N/A",C59="No",0) -> 1 | E59: Documentation / certification on file or available upon request.
A60: 43 | B60: Are backup restoration procedures tested at least semi-annually? | C60: Yes | D60: =_xlfn.IFS(C60="Yes",1,C60="Partial",0.5,C60="N/A","N/A",C60="No",0) -> 1 | E60: Documentation / certification on file or available upon request.
A61: 44 | B61: Does the vendor maintain redundant infrastructure (availability zones, failover)? | C61: Yes | D61: =_xlfn.IFS(C61="Yes",1,C61="Partial",0.5,C61="N/A","N/A",C61="No",0) -> 1 | E61: Documentation / certification on file or available upon request.
A62: 45 | B62: Are critical third-party dependencies included in BCP/DRP scope? | C62: Yes | D62: =_xlfn.IFS(C62="Yes",1,C62="Partial",0.5,C62="N/A","N/A",C62="No",0) -> 1 | E62: Documentation / certification on file or available upon request.
B63: Domain 5 Score — Business Continuity & Disaster Recovery | D63: =IFERROR(AVERAGEIF(D54:D62,"<>N/A",D54:D62),0) -> 1
A65: Domain 6: Infrastructure & Network Security
A66: 46 | B66: Does the vendor conduct vulnerability scanning on a defined recurring schedule? | C66: Yes | D66: =_xlfn.IFS(C66="Yes",1,C66="Partial",0.5,C66="N/A","N/A",C66="No",0) -> 1 | E66: Documentation / certification on file or available upon request.
A67: 47 | B67: Does the vendor conduct penetration testing at least annually by a qualified third party? | C67: Yes | D67: =_xlfn.IFS(C67="Yes",1,C67="Partial",0.5,C67="N/A","N/A",C67="No",0) -> 1 | E67: Documentation / certification on file or available upon request.
A68: 48 | B68: Are security patches applied within defined SLAs (e.g., critical within 30 days)? | C68: Yes | D68: =_xlfn.IFS(C68="Yes",1,C68="Partial",0.5,C68="N/A","N/A",C68="No",0) -> 1 | E68: Documentation / certification on file or available upon request.
A69: 49 | B69: Is network traffic segmented to isolate sensitive systems from general corporate networks? | C69: Yes | D69: =_xlfn.IFS(C69="Yes",1,C69="Partial",0.5,C69="N/A","N/A",C69="No",0) -> 1 | E69: Documentation / certification on file or available upon request.
A70: 50 | B70: Does the vendor operate a centralized SIEM or log management platform? | C70: Yes | D70: =_xlfn.IFS(C70="Yes",1,C70="Partial",0.5,C70="N/A","N/A",C70="No",0) -> 1 | E70: Documentation / certification on file or available upon request.
A71: 51 | B71: Are security alerts monitored continuously (24/7) by a SOC or equivalent function? | C71: Yes | D71: =_xlfn.IFS(C71="Yes",1,C71="Partial",0.5,C71="N/A","N/A",C71="No",0) -> 1 | E71: Documentation / certification on file or available upon request.
A72: 52 | B72: Is a Web Application Firewall (WAF) deployed for customer-facing applications? | C72: Yes | D72: =_xlfn.IFS(C72="Yes",1,C72="Partial",0.5,C72="N/A","N/A",C72="No",0) -> 1 | E72: Documentation / certification on file or available upon request.
A73: 53 | B73: Are endpoint devices managed and protected with EDR or equivalent endpoint controls? | C73: Yes | D73: =_xlfn.IFS(C73="Yes",1,C73="Partial",0.5,C73="N/A","N/A",C73="No",0) -> 1 | E73: Documentation / certification on file or available upon request.
A74: 54 | B74: Is configuration management / hardening applied to all production systems? | C74: Yes | D74: =_xlfn.IFS(C74="Yes",1,C74="Partial",0.5,C74="N/A","N/A",C74="No",0) -> 1 | E74: Documentation / certification on file or available upon request.
B75: Domain 6 Score — Infrastructure & Network Security | D75: =IFERROR(AVERAGEIF(D66:D74,"<>N/A",D66:D74),0) -> 1
A77: Domain 7: Compliance & Certifications
A78: 55 | B78: Does the vendor hold a current SOC 2 Type II report (within last 12 months)? | C78: Yes | D78: =_xlfn.IFS(C78="Yes",1,C78="Partial",0.5,C78="N/A","N/A",C78="No",0) -> 1 | E78: Documentation / certification on file or available upon request.
A79: 56 | B79: Does the vendor hold ISO 27001 certification or equivalent? | C79: Partial | D79: =_xlfn.IFS(C79="Yes",1,C79="Partial",0.5,C79="N/A","N/A",C79="No",0) -> 0.5 | E79: Partial controls in place — gap remediation plan or timeline requested.
A80: 57 | B80: Is the vendor PCI-DSS compliant (if applicable to services provided)? | C80: Yes | D80: =_xlfn.IFS(C80="Yes",1,C80="Partial",0.5,C80="N/A","N/A",C80="No",0) -> 1 | E80: Documentation / certification on file or available upon request.
A81: 58 | B81: Does the vendor comply with applicable data privacy regulations (e.g., CCPA, GDPR)? | C81: Yes | D81: =_xlfn.IFS(C81="Yes",1,C81="Partial",0.5,C81="N/A","N/A",C81="No",0) -> 1 | E81: Documentation / certification on file or available upon request.
A82: 59 | B82: Are compliance certifications made available to Meridian Pay upon request? | C82: Yes | D82: =_xlfn.IFS(C82="Yes",1,C82="Partial",0.5,C82="N/A","N/A",C82="No",0) -> 1 | E82: Documentation / certification on file or available upon request.
A83: 60 | B83: Does the vendor undergo annual third-party security audits? | C83: Yes | D83: =_xlfn.IFS(C83="Yes",1,C83="Partial",0.5,C83="N/A","N/A",C83="No",0) -> 1 | E83: Documentation / certification on file or available upon request.
A84: 61 | B84: Are audit findings tracked and remediated within agreed timeframes? | C84: Yes | D84: =_xlfn.IFS(C84="Yes",1,C84="Partial",0.5,C84="N/A","N/A",C84="No",0) -> 1 | E84: Documentation / certification on file or available upon request.
A85: 62 | B85: Does the vendor maintain a formal compliance program with dedicated ownership? | C85: Yes | D85: =_xlfn.IFS(C85="Yes",1,C85="Partial",0.5,C85="N/A","N/A",C85="No",0) -> 1 | E85: Documentation / certification on file or available upon request.
A86: 63 | B86: Is the vendor's compliance posture reviewed as part of the contract renewal process? | C86: Yes | D86: =_xlfn.IFS(C86="Yes",1,C86="Partial",0.5,C86="N/A","N/A",C86="No",0) -> 1 | E86: Documentation / certification on file or available upon request.
B87: Domain 7 Score — Compliance & Certifications | D87: =IFERROR(AVERAGEIF(D78:D86,"<>N/A",D78:D86),0) -> 0.94444444
A89: Domain 8: Fourth-Party / Subcontractor Risk
A90: 64 | B90: Does the vendor maintain an inventory of all subcontractors with access to client data? | C90: Yes | D90: =_xlfn.IFS(C90="Yes",1,C90="Partial",0.5,C90="N/A","N/A",C90="No",0) -> 1 | E90: Documentation / certification on file or available upon request.
A91: 65 | B91: Are subcontractors subject to security assessments before engagement? | C91: Yes | D91: =_xlfn.IFS(C91="Yes",1,C91="Partial",0.5,C91="N/A","N/A",C91="No",0) -> 1 | E91: Documentation / certification on file or available upon request.
A92: 66 | B92: Are subcontractors contractually required to meet equivalent security standards? | C92: Yes | D92: =_xlfn.IFS(C92="Yes",1,C92="Partial",0.5,C92="N/A","N/A",C92="No",0) -> 1 | E92: Documentation / certification on file or available upon request.
A93: 67 | B93: Does the vendor require notification to Meridian Pay before engaging new subcontractors? | C93: Yes | D93: =_xlfn.IFS(C93="Yes",1,C93="Partial",0.5,C93="N/A","N/A",C93="No",0) -> 1 | E93: Documentation / certification on file or available upon request.
A94: 68 | B94: Are subcontractor access rights limited to the minimum necessary for service delivery? | C94: Yes | D94: =_xlfn.IFS(C94="Yes",1,C94="Partial",0.5,C94="N/A","N/A",C94="No",0) -> 1 | E94: Documentation / certification on file or available upon request.
A95: 69 | B95: Are subcontractor relationships included in the vendor's BCP/DRP scope? | C95: Yes | D95: =_xlfn.IFS(C95="Yes",1,C95="Partial",0.5,C95="N/A","N/A",C95="No",0) -> 1 | E95: Documentation / certification on file or available upon request.
A96: 70 | B96: Does the vendor conduct periodic reviews of subcontractor compliance? | C96: Yes | D96: =_xlfn.IFS(C96="Yes",1,C96="Partial",0.5,C96="N/A","N/A",C96="No",0) -> 1 | E96: Documentation / certification on file or available upon request.
A97: 71 | B97: Are subcontractors prohibited from further sub-contracting without prior approval? | C97: Yes | D97: =_xlfn.IFS(C97="Yes",1,C97="Partial",0.5,C97="N/A","N/A",C97="No",0) -> 1 | E97: Documentation / certification on file or available upon request.
B98: Domain 8 Score — Fourth-Party / Subcontractor Risk | D98: =IFERROR(AVERAGEIF(D90:D97,"<>N/A",D90:D97),0) -> 1
A100: OVERALL VENDOR SCORE | D100: =AVERAGE(D15,D27,D39,D51,D63,D75,D87,D98) -> 0.99305556
A101: RISK RATING | D101: =_xlfn.IFS(D100>=0.85,"Low Risk",D100>=0.65,"Medium Risk",D100>=0.45,"High Risk",D100<0.45,"Critical Risk") -> Low Risk

Sheet Okta
A1: Vendor Risk Assessment — Okta
A2: Service: Workforce Identity / SSO | Risk Tier: Tier 1 – Critical | Meridian Pay Solutions | Q1 2026
A4: # | B4: Question | C4: Response (Y/P/N/NA) | D4: Score | E4: Notes / Evidence Required
A5: Domain 1: Organizational Security Governance
A6: 1 | B6: Does the vendor have a documented Information Security Policy reviewed at least annually? | C6: Yes | D6: =_xlfn.IFS(C6="Yes",1,C6="Partial",0.5,C6="N/A","N/A",C6="No",0) -> 1 | E6: Documentation / certification on file or available upon request.
A7: 2 | B7: Is there a dedicated security leadership role (CISO or equivalent)? | C7: Yes | D7: =_xlfn.IFS(C7="Yes",1,C7="Partial",0.5,C7="N/A","N/A",C7="No",0) -> 1 | E7: Documentation / certification on file or available upon request.
A8: 3 | B8: Does the vendor conduct annual security risk assessments? | C8: Yes | D8: =_xlfn.IFS(C8="Yes",1,C8="Partial",0.5,C8="N/A","N/A",C8="No",0) -> 1 | E8: Documentation / certification on file or available upon request.
A9: 4 | B9: Are security roles and responsibilities formally documented and communicated to staff? | C9: Yes | D9: =_xlfn.IFS(C9="Yes",1,C9="Partial",0.5,C9="N/A","N/A",C9="No",0) -> 1 | E9: Documentation / certification on file or available upon request.
A10: 5 | B10: Does the vendor maintain a security awareness training program for all employees? | C10: Yes | D10: =_xlfn.IFS(C10="Yes",1,C10="Partial",0.5,C10="N/A","N/A",C10="No",0) -> 1 | E10: Documentation / certification on file or available upon request.
A11: 6 | B11: Does the vendor have a formal third-party / supply chain risk management program? | C11: Yes | D11: =_xlfn.IFS(C11="Yes",1,C11="Partial",0.5,C11="N/A","N/A",C11="No",0) -> 1 | E11: Documentation / certification on file or available upon request.
A12: 7 | B12: Are security metrics reported regularly to executive leadership or a board? | C12: Yes | D12: =_xlfn.IFS(C12="Yes",1,C12="Partial",0.5,C12="N/A","N/A",C12="No",0) -> 1 | E12: Documentation / certification on file or available upon request.
A13: 8 | B13: Does the vendor perform background checks on employees with access to client data? | C13: Yes | D13: =_xlfn.IFS(C13="Yes",1,C13="Partial",0.5,C13="N/A","N/A",C13="No",0) -> 1 | E13: Documentation / certification on file or available upon request.
A14: 9 | B14: Does the vendor have a documented acceptable use policy for systems and data? | C14: Yes | D14: =_xlfn.IFS(C14="Yes",1,C14="Partial",0.5,C14="N/A","N/A",C14="No",0) -> 1 | E14: Documentation / certification on file or available upon request.
B15: Domain 1 Score — Organizational Security Governance | D15: =IFERROR(AVERAGEIF(D6:D14,"<>N/A",D6:D14),0) -> 1
A17: Domain 2: Data Security & Classification
A18: 10 | B18: Does the vendor maintain a data classification policy (e.g., Public, Confidential, Restricted)? | C18: Yes | D18: =_xlfn.IFS(C18="Yes",1,C18="Partial",0.5,C18="N/A","N/A",C18="No",0) -> 1 | E18: Documentation / certification on file or available upon request.
A19: 11 | B19: Is data at rest encrypted using industry-standard algorithms (AES-256 or equivalent)? | C19: Yes | D19: =_xlfn.IFS(C19="Yes",1,C19="Partial",0.5,C19="N/A","N/A",C19="No",0) -> 1 | E19: Documentation / certification on file or available upon request.
A20: 12 | B20: Is data in transit encrypted using TLS 1.2 or higher? | C20: Yes | D20: =_xlfn.IFS(C20="Yes",1,C20="Partial",0.5,C20="N/A","N/A",C20="No",0) -> 1 | E20: Documentation / certification on file or available upon request.
A21: 13 | B21: Does the vendor maintain a data inventory identifying where client data is stored and processed? | C21: Yes | D21: =_xlfn.IFS(C21="Yes",1,C21="Partial",0.5,C21="N/A","N/A",C21="No",0) -> 1 | E21: Documentation / certification on file or available upon request.
A22: 14 | B22: Are data retention and destruction policies documented and enforced? | C22: Yes | D22: =_xlfn.IFS(C22="Yes",1,C22="Partial",0.5,C22="N/A","N/A",C22="No",0) -> 1 | E22: Documentation / certification on file or available upon request.
A23: 15 | B23: Does the vendor restrict data processing to agreed geographic regions / jurisdictions? | C23: Yes | D23: =_xlfn.IFS(C23="Yes",1,C23="Partial",0.5,C23="N/A","N/A",C23="No",0) -> 1 | E23: Documentation / certification on file or available upon request.
A24: 16 | B24: Are encryption keys managed via a formal key management process (rotation, revocation)? | C24: Yes | D24: =_xlfn.IFS(C24="Yes",1,C24="Partial",0.5,C24="N/A","N/A",C24="No",0) -> 1 | E24: Documentation / certification on file or available upon request.
A25: 17 | B25: Is client data logically separated from other customers' data (multi-tenant controls)? | C25: Yes | D25: =_xlfn.IFS(C25="Yes",1,C25="Partial",0.5,C25="N/A","N/A",C25="No",0) -> 1 | E25: Documentation / certification on file or available upon request.
A26: 18 | B26: Does the vendor have controls preventing unauthorized copying or exfiltration of data? | C26: Yes | D26: =_xlfn.IFS(C26="Yes",1,C26="Partial",0.5,C26="N/A","N/A",C26="No",0) -> 1 | E26: Documentation / certification on file or available upon request.
B27: Domain 2 Score — Data Security & Classification | D27: =IFERROR(AVERAGEIF(D18:D26,"<>N/A",D18:D26),0) -> 1
A29: Domain 3: Access Control & Identity Management
A30: 19 | B30: Is multi-factor authentication (MFA) enforced for all access to systems handling client data? | C30: Yes | D30: =_xlfn.IFS(C30="Yes",1,C30="Partial",0.5,C30="N/A","N/A",C30="No",0) -> 1 | E30: Documentation / certification on file or available upon request.
A31: 20 | B31: Is role-based access control (RBAC) implemented with least-privilege principles? | C31: Yes | D31: =_xlfn.IFS(C31="Yes",1,C31="Partial",0.5,C31="N/A","N/A",C31="No",0) -> 1 | E31: Documentation / certification on file or available upon request.
A32: 21 | B32: Are privileged accounts (admin/root) managed separately with enhanced controls? | C32: Yes | D32: =_xlfn.IFS(C32="Yes",1,C32="Partial",0.5,C32="N/A","N/A",C32="No",0) -> 1 | E32: Documentation / certification on file or available upon request.
A33: 22 | B33: Are access rights reviewed and recertified at least quarterly? | C33: Yes | D33: =_xlfn.IFS(C33="Yes",1,C33="Partial",0.5,C33="N/A","N/A",C33="No",0) -> 1 | E33: Documentation / certification on file or available upon request.
A34: 23 | B34: Is access promptly revoked upon employee termination or role change? | C34: Yes | D34: =_xlfn.IFS(C34="Yes",1,C34="Partial",0.5,C34="N/A","N/A",C34="No",0) -> 1 | E34: Documentation / certification on file or available upon request.
A35: 24 | B35: Are all remote access sessions secured via VPN or equivalent encrypted tunnel? | C35: Yes | D35: =_xlfn.IFS(C35="Yes",1,C35="Partial",0.5,C35="N/A","N/A",C35="No",0) -> 1 | E35: Documentation / certification on file or available upon request.
A36: 25 | B36: Is single sign-on (SSO) implemented with a centralized identity provider? | C36: Yes | D36: =_xlfn.IFS(C36="Yes",1,C36="Partial",0.5,C36="N/A","N/A",C36="No",0) -> 1 | E36: Documentation / certification on file or available upon request.
A37: 26 | B37: Are service accounts inventoried and subject to the same access controls as user accounts? | C37: Yes | D37: =_xlfn.IFS(C37="Yes",1,C37="Partial",0.5,C37="N/A","N/A",C37="No",0) -> 1 | E37: Documentation / certification on file or available upon request.
A38: 27 | B38: Does the vendor log and monitor all privileged account activity? | C38: Yes | D38: =_xlfn.IFS(C38="Yes",1,C38="Partial",0.5,C38="N/A","N/A",C38="No",0) -> 1 | E38: Documentation / certification on file or available upon request.
B39: Domain 3 Score — Access Control & Identity Management | D39: =IFERROR(AVERAGEIF(D30:D38,"<>N/A",D30:D38),0) -> 1
A41: Domain 4: Incident Response & Notification
A42: 28 | B42: Does the vendor have a documented and tested Incident Response Plan (IRP)? | C42: Yes | D42: =_xlfn.IFS(C42="Yes",1,C42="Partial",0.5,C42="N/A","N/A",C42="No",0) -> 1 | E42: Documentation / certification on file or available upon request.
A43: 29 | B43: Are incident response roles and responsibilities (RACI) formally defined? | C43: Yes | D43: =_xlfn.IFS(C43="Yes",1,C43="Partial",0.5,C43="N/A","N/A",C43="No",0) -> 1 | E43: Documentation / certification on file or available upon request.
A44: 30 | B44: Does the vendor conduct tabletop exercises or simulated incident drills at least annually? | C44: Yes | D44: =_xlfn.IFS(C44="Yes",1,C44="Partial",0.5,C44="N/A","N/A",C44="No",0) -> 1 | E44: Documentation / certification on file or available upon request.
A45: 31 | B45: Is there a defined incident severity classification and escalation framework? | C45: Yes | D45: =_xlfn.IFS(C45="Yes",1,C45="Partial",0.5,C45="N/A","N/A",C45="No",0) -> 1 | E45: Documentation / certification on file or available upon request.
A46: 32 | B46: Will the vendor notify Meridian Pay of a confirmed breach within 24 hours of discovery? | C46: Yes | D46: =_xlfn.IFS(C46="Yes",1,C46="Partial",0.5,C46="N/A","N/A",C46="No",0) -> 1 | E46: Documentation / certification on file or available upon request.
A47: 33 | B47: Does the vendor maintain forensic readiness procedures (evidence preservation)? | C47: Yes | D47: =_xlfn.IFS(C47="Yes",1,C47="Partial",0.5,C47="N/A","N/A",C47="No",0) -> 1 | E47: Documentation / certification on file or available upon request.
A48: 34 | B48: Is there a defined process for post-incident review and lessons-learned documentation? | C48: Yes | D48: =_xlfn.IFS(C48="Yes",1,C48="Partial",0.5,C48="N/A","N/A",C48="No",0) -> 1 | E48: Documentation / certification on file or available upon request.
A49: 35 | B49: Does the vendor have a 24/7 security operations or on-call capability for incident response? | C49: Yes | D49: =_xlfn.IFS(C49="Yes",1,C49="Partial",0.5,C49="N/A","N/A",C49="No",0) -> 1 | E49: Documentation / certification on file or available upon request.
A50: 36 | B50: Are breach notification procedures mapped to applicable regulatory timelines? | C50: Yes | D50: =_xlfn.IFS(C50="Yes",1,C50="Partial",0.5,C50="N/A","N/A",C50="No",0) -> 1 | E50: Documentation / certification on file or available upon request.
B51: Domain 4 Score — Incident Response & Notification | D51: =IFERROR(AVERAGEIF(D42:D50,"<>N/A",D42:D50),0) -> 1
A53: Domain 5: Business Continuity & Disaster Recovery
A54: 37 | B54: Does the vendor have a documented Business Continuity Plan (BCP)? | C54: Yes | D54: =_xlfn.IFS(C54="Yes",1,C54="Partial",0.5,C54="N/A","N/A",C54="No",0) -> 1 | E54: Documentation / certification on file or available upon request.
A55: 38 | B55: Does the vendor have a documented Disaster Recovery Plan (DRP)? | C55: Yes | D55: =_xlfn.IFS(C55="Yes",1,C55="Partial",0.5,C55="N/A","N/A",C55="No",0) -> 1 | E55: Documentation / certification on file or available upon request.
A56: 39 | B56: Are BCP/DRP tested via tabletop exercises or live failover at least annually? | C56: Yes | D56: =_xlfn.IFS(C56="Yes",1,C56="Partial",0.5,C56="N/A","N/A",C56="No",0) -> 1 | E56: Documentation / certification on file or available upon request.
A57: 40 | B57: Are Recovery Time Objectives (RTO) and Recovery Point Objectives (RPO) formally defined? | C57: Yes | D57: =_xlfn.IFS(C57="Yes",1,C57="Partial",0.5,C57="N/A","N/A",C57="No",0) -> 1 | E57: Documentation / certification on file or available upon request.
A58: 41 | B58: Are production systems and data backed up at a frequency consistent with defined RPO? | C58: Yes | D58: =_xlfn.IFS(C58="Yes",1,C58="Partial",0.5,C58="N/A","N/A",C58="No",0) -> 1 | E58: Documentation / certification on file or available upon request.
A59: 42 | B59: Are backups stored in a geographically separate location from primary systems? | C59: Yes | D59: =_xlfn.IFS(C59="Yes",1,C59="Partial",0.5,C59="N/A","N/A",C59="No",0) -> 1 | E59: Documentation / certification on file or available upon request.
A60: 43 | B60: Are backup restoration procedures tested at least semi-annually? | C60: Yes | D60: =_xlfn.IFS(C60="Yes",1,C60="Partial",0.5,C60="N/A","N/A",C60="No",0) -> 1 | E60: Documentation / certification on file or available upon request.
A61: 44 | B61: Does the vendor maintain redundant infrastructure (availability zones, failover)? | C61: Yes | D61: =_xlfn.IFS(C61="Yes",1,C61="Partial",0.5,C61="N/A","N/A",C61="No",0) -> 1 | E61: Documentation / certification on file or available upon request.
A62: 45 | B62: Are critical third-party dependencies included in BCP/DRP scope? | C62: Yes | D62: =_xlfn.IFS(C62="Yes",1,C62="Partial",0.5,C62="N/A","N/A",C62="No",0) -> 1 | E62: Documentation / certification on file or available upon request.
B63: Domain 5 Score — Business Continuity & Disaster Recovery | D63: =IFERROR(AVERAGEIF(D54:D62,"<>N/A",D54:D62),0) -> 1
A65: Domain 6: Infrastructure & Network Security
A66: 46 | B66: Does the vendor conduct vulnerability scanning on a defined recurring schedule? | C66: Yes | D66: =_xlfn.IFS(C66="Yes",1,C66="Partial",0.5,C66="N/A","N/A",C66="No",0) -> 1 | E66: Documentation / certification on file or available upon request.
A67: 47 | B67: Does the vendor conduct penetration testing at least annually by a qualified third party? | C67: Yes | D67: =_xlfn.IFS(C67="Yes",1,C67="Partial",0.5,C67="N/A","N/A",C67="No",0) -> 1 | E67: Documentation / certification on file or available upon request.
A68: 48 | B68: Are security patches applied within defined SLAs (e.g., critical within 30 days)? | C68: Yes | D68: =_xlfn.IFS(C68="Yes",1,C68="Partial",0.5,C68="N/A","N/A",C68="No",0) -> 1 | E68: Documentation / certification on file or available upon request.
A69: 49 | B69: Is network traffic segmented to isolate sensitive systems from general corporate networks? | C69: Yes | D69: =_xlfn.IFS(C69="Yes",1,C69="Partial",0.5,C69="N/A","N/A",C69="No",0) -> 1 | E69: Documentation / certification on file or available upon request.
A70: 50 | B70: Does the vendor operate a centralized SIEM or log management platform? | C70: Yes | D70: =_xlfn.IFS(C70="Yes",1,C70="Partial",0.5,C70="N/A","N/A",C70="No",0) -> 1 | E70: Documentation / certification on file or available upon request.
A71: 51 | B71: Are security alerts monitored continuously (24/7) by a SOC or equivalent function? | C71: Yes | D71: =_xlfn.IFS(C71="Yes",1,C71="Partial",0.5,C71="N/A","N/A",C71="No",0) -> 1 | E71: Documentation / certification on file or available upon request.
A72: 52 | B72: Is a Web Application Firewall (WAF) deployed for customer-facing applications? | C72: Yes | D72: =_xlfn.IFS(C72="Yes",1,C72="Partial",0.5,C72="N/A","N/A",C72="No",0) -> 1 | E72: Documentation / certification on file or available upon request.
A73: 53 | B73: Are endpoint devices managed and protected with EDR or equivalent endpoint controls? | C73: Yes | D73: =_xlfn.IFS(C73="Yes",1,C73="Partial",0.5,C73="N/A","N/A",C73="No",0) -> 1 | E73: Documentation / certification on file or available upon request.
A74: 54 | B74: Is configuration management / hardening applied to all production systems? | C74: Yes | D74: =_xlfn.IFS(C74="Yes",1,C74="Partial",0.5,C74="N/A","N/A",C74="No",0) -> 1 | E74: Documentation / certification on file or available upon request.
B75: Domain 6 Score — Infrastructure & Network Security | D75: =IFERROR(AVERAGEIF(D66:D74,"<>N/A",D66:D74),0) -> 1
A77: Domain 7: Compliance & Certifications
A78: 55 | B78: Does the vendor hold a current SOC 2 Type II report (within last 12 months)? | C78: Yes | D78: =_xlfn.IFS(C78="Yes",1,C78="Partial",0.5,C78="N/A","N/A",C78="No",0) -> 1 | E78: Documentation / certification on file or available upon request.
A79: 56 | B79: Does the vendor hold ISO 27001 certification or equivalent? | C79: Yes | D79: =_xlfn.IFS(C79="Yes",1,C79="Partial",0.5,C79="N/A","N/A",C79="No",0) -> 1 | E79: Documentation / certification on file or available upon request.
A80: 57 | B80: Is the vendor PCI-DSS compliant (if applicable to services provided)? | C80: N/A | D80: =_xlfn.IFS(C80="Yes",1,C80="Partial",0.5,C80="N/A","N/A",C80="No",0) -> N/A | E80: Not applicable to this vendor's service scope.
A81: 58 | B81: Does the vendor comply with applicable data privacy regulations (e.g., CCPA, GDPR)? | C81: Yes | D81: =_xlfn.IFS(C81="Yes",1,C81="Partial",0.5,C81="N/A","N/A",C81="No",0) -> 1 | E81: Documentation / certification on file or available upon request.
A82: 59 | B82: Are compliance certifications made available to Meridian Pay upon request? | C82: Yes | D82: =_xlfn.IFS(C82="Yes",1,C82="Partial",0.5,C82="N/A","N/A",C82="No",0) -> 1 | E82: Documentation / certification on file or available upon request.
A83: 60 | B83: Does the vendor undergo annual third-party security audits? | C83: Yes | D83: =_xlfn.IFS(C83="Yes",1,C83="Partial",0.5,C83="N/A","N/A",C83="No",0) -> 1 | E83: Documentation / certification on file or available upon request.
A84: 61 | B84: Are audit findings tracked and remediated within agreed timeframes? | C84: Yes | D84: =_xlfn.IFS(C84="Yes",1,C84="Partial",0.5,C84="N/A","N/A",C84="No",0) -> 1 | E84: Documentation / certification on file or available upon request.
A85: 62 | B85: Does the vendor maintain a formal compliance program with dedicated ownership? | C85: Yes | D85: =_xlfn.IFS(C85="Yes",1,C85="Partial",0.5,C85="N/A","N/A",C85="No",0) -> 1 | E85: Documentation / certification on file or available upon request.
A86: 63 | B86: Is the vendor's compliance posture reviewed as part of the contract renewal process? | C86: Yes | D86: =_xlfn.IFS(C86="Yes",1,C86="Partial",0.5,C86="N/A","N/A",C86="No",0) -> 1 | E86: Documentation / certification on file or available upon request.
B87: Domain 7 Score — Compliance & Certifications | D87: =IFERROR(AVERAGEIF(D78:D86,"<>N/A",D78:D86),0) -> 1
A89: Domain 8: Fourth-Party / Subcontractor Risk
A90: 64 | B90: Does the vendor maintain an inventory of all subcontractors with access to client data? | C90: Yes | D90: =_xlfn.IFS(C90="Yes",1,C90="Partial",0.5,C90="N/A","N/A",C90="No",0) -> 1 | E90: Documentation / certification on file or available upon request.
A91: 65 | B91: Are subcontractors subject to security assessments before engagement? | C91: Yes | D91: =_xlfn.IFS(C91="Yes",1,C91="Partial",0.5,C91="N/A","N/A",C91="No",0) -> 1 | E91: Documentation / certification on file or available upon request.
A92: 66 | B92: Are subcontractors contractually required to meet equivalent security standards? | C92: Yes | D92: =_xlfn.IFS(C92="Yes",1,C92="Partial",0.5,C92="N/A","N/A",C92="No",0) -> 1 | E92: Documentation / certification on file or available upon request.
A93: 67 | B93: Does the vendor require notification to Meridian Pay before engaging new subcontractors? | C93: Yes | D93: =_xlfn.IFS(C93="Yes",1,C93="Partial",0.5,C93="N/A","N/A",C93="No",0) -> 1 | E93: Documentation / certification on file or available upon request.
A94: 68 | B94: Are subcontractor access rights limited to the minimum necessary for service delivery? | C94: Yes | D94: =_xlfn.IFS(C94="Yes",1,C94="Partial",0.5,C94="N/A","N/A",C94="No",0) -> 1 | E94: Documentation / certification on file or available upon request.
A95: 69 | B95: Are subcontractor relationships included in the vendor's BCP/DRP scope? | C95: Yes | D95: =_xlfn.IFS(C95="Yes",1,C95="Partial",0.5,C95="N/A","N/A",C95="No",0) -> 1 | E95: Documentation / certification on file or available upon request.
A96: 70 | B96: Does the vendor conduct periodic reviews of subcontractor compliance? | C96: Yes | D96: =_xlfn.IFS(C96="Yes",1,C96="Partial",0.5,C96="N/A","N/A",C96="No",0) -> 1 | E96: Documentation / certification on file or available upon request.
A97: 71 | B97: Are subcontractors prohibited from further sub-contracting without prior approval? | C97: Yes | D97: =_xlfn.IFS(C97="Yes",1,C97="Partial",0.5,C97="N/A","N/A",C97="No",0) -> 1 | E97: Documentation / certification on file or available upon request.
B98: Domain 8 Score — Fourth-Party / Subcontractor Risk | D98: =IFERROR(AVERAGEIF(D90:D97,"<>N/A",D90:D97),0) -> 1
A100: OVERALL VENDOR SCORE | D100: =AVERAGE(D15,D27,D39,D51,D63,D75,D87,D98) -> 1
A101: RISK RATING | D101: =_xlfn.IFS(D100>=0.85,"Low Risk",D100>=0.65,"Medium Risk",D100>=0.45,"High Risk",D100<0.45,"Critical Risk") -> Low Risk

Sheet KYC Vendor
A1: Vendor Risk Assessment — KYC Vendor
A2: Service: Identity Verification | Risk Tier: Tier 2 – High | Meridian Pay Solutions | Q1 2026
A4: # | B4: Question | C4: Response (Y/P/N/NA) | D4: Score | E4: Notes / Evidence Required
A5: Domain 1: Organizational Security Governance
A6: 1 | B6: Does the vendor have a documented Information Security Policy reviewed at least annually? | C6: Yes | D6: =_xlfn.IFS(C6="Yes",1,C6="Partial",0.5,C6="N/A","N/A",C6="No",0) -> 1 | E6: Documentation / certification on file or available upon request.
A7: 2 | B7: Is there a dedicated security leadership role (CISO or equivalent)? | C7: Partial | D7: =_xlfn.IFS(C7="Yes",1,C7="Partial",0.5,C7="N/A","N/A",C7="No",0) -> 0.5 | E7: Partial controls in place — gap remediation plan or timeline requested.
A8: 3 | B8: Does the vendor conduct annual security risk assessments? | C8: Yes | D8: =_xlfn.IFS(C8="Yes",1,C8="Partial",0.5,C8="N/A","N/A",C8="No",0) -> 1 | E8: Documentation / certification on file or available upon request.
A9: 4 | B9: Are security roles and responsibilities formally documented and communicated to staff? | C9: Yes | D9: =_xlfn.IFS(C9="Yes",1,C9="Partial",0.5,C9="N/A","N/A",C9="No",0) -> 1 | E9: Documentation / certification on file or available upon request.
A10: 5 | B10: Does the vendor maintain a security awareness training program for all employees? | C10: Yes | D10: =_xlfn.IFS(C10="Yes",1,C10="Partial",0.5,C10="N/A","N/A",C10="No",0) -> 1 | E10: Documentation / certification on file or available upon request.
A11: 6 | B11: Does the vendor have a formal third-party / supply chain risk management program? | C11: Partial | D11: =_xlfn.IFS(C11="Yes",1,C11="Partial",0.5,C11="N/A","N/A",C11="No",0) -> 0.5 | E11: Partial controls in place — gap remediation plan or timeline requested.
A12: 7 | B12: Are security metrics reported regularly to executive leadership or a board? | C12: Partial | D12: =_xlfn.IFS(C12="Yes",1,C12="Partial",0.5,C12="N/A","N/A",C12="No",0) -> 0.5 | E12: Partial controls in place — gap remediation plan or timeline requested.
A13: 8 | B13: Does the vendor perform background checks on employees with access to client data? | C13: Yes | D13: =_xlfn.IFS(C13="Yes",1,C13="Partial",0.5,C13="N/A","N/A",C13="No",0) -> 1 | E13: Documentation / certification on file or available upon request.
A14: 9 | B14: Does the vendor have a documented acceptable use policy for systems and data? | C14: Yes | D14: =_xlfn.IFS(C14="Yes",1,C14="Partial",0.5,C14="N/A","N/A",C14="No",0) -> 1 | E14: Documentation / certification on file or available upon request.
B15: Domain 1 Score — Organizational Security Governance | D15: =IFERROR(AVERAGEIF(D6:D14,"<>N/A",D6:D14),0) -> 0.83333333
A17: Domain 2: Data Security & Classification
A18: 10 | B18: Does the vendor maintain a data classification policy (e.g., Public, Confidential, Restricted)? | C18: Yes | D18: =_xlfn.IFS(C18="Yes",1,C18="Partial",0.5,C18="N/A","N/A",C18="No",0) -> 1 | E18: Documentation / certification on file or available upon request.
A19: 11 | B19: Is data at rest encrypted using industry-standard algorithms (AES-256 or equivalent)? | C19: Yes | D19: =_xlfn.IFS(C19="Yes",1,C19="Partial",0.5,C19="N/A","N/A",C19="No",0) -> 1 | E19: Documentation / certification on file or available upon request.
A20: 12 | B20: Is data in transit encrypted using TLS 1.2 or higher? | C20: Yes | D20: =_xlfn.IFS(C20="Yes",1,C20="Partial",0.5,C20="N/A","N/A",C20="No",0) -> 1 | E20: Documentation / certification on file or available upon request.
A21: 13 | B21: Does the vendor maintain a data inventory identifying where client data is stored and processed? | C21: Partial | D21: =_xlfn.IFS(C21="Yes",1,C21="Partial",0.5,C21="N/A","N/A",C21="No",0) -> 0.5 | E21: Partial controls in place — gap remediation plan or timeline requested.
A22: 14 | B22: Are data retention and destruction policies documented and enforced? | C22: Yes | D22: =_xlfn.IFS(C22="Yes",1,C22="Partial",0.5,C22="N/A","N/A",C22="No",0) -> 1 | E22: Documentation / certification on file or available upon request.
A23: 15 | B23: Does the vendor restrict data processing to agreed geographic regions / jurisdictions? | C23: Yes | D23: =_xlfn.IFS(C23="Yes",1,C23="Partial",0.5,C23="N/A","N/A",C23="No",0) -> 1 | E23: Documentation / certification on file or available upon request.
A24: 16 | B24: Are encryption keys managed via a formal key management process (rotation, revocation)? | C24: Partial | D24: =_xlfn.IFS(C24="Yes",1,C24="Partial",0.5,C24="N/A","N/A",C24="No",0) -> 0.5 | E24: Partial controls in place — gap remediation plan or timeline requested.
A25: 17 | B25: Is client data logically separated from other customers' data (multi-tenant controls)? | C25: Yes | D25: =_xlfn.IFS(C25="Yes",1,C25="Partial",0.5,C25="N/A","N/A",C25="No",0) -> 1 | E25: Documentation / certification on file or available upon request.
A26: 18 | B26: Does the vendor have controls preventing unauthorized copying or exfiltration of data? | C26: Partial | D26: =_xlfn.IFS(C26="Yes",1,C26="Partial",0.5,C26="N/A","N/A",C26="No",0) -> 0.5 | E26: Partial controls in place — gap remediation plan or timeline requested.
B27: Domain 2 Score — Data Security & Classification | D27: =IFERROR(AVERAGEIF(D18:D26,"<>N/A",D18:D26),0) -> 0.83333333
A29: Domain 3: Access Control & Identity Management
A30: 19 | B30: Is multi-factor authentication (MFA) enforced for all access to systems handling client data? | C30: Yes | D30: =_xlfn.IFS(C30="Yes",1,C30="Partial",0.5,C30="N/A","N/A",C30="No",0) -> 1 | E30: Documentation / certification on file or available upon request.
A31: 20 | B31: Is role-based access control (RBAC) implemented with least-privilege principles? | C31: Yes | D31: =_xlfn.IFS(C31="Yes",1,C31="Partial",0.5,C31="N/A","N/A",C31="No",0) -> 1 | E31: Documentation / certification on file or available upon request.
A32: 21 | B32: Are privileged accounts (admin/root) managed separately with enhanced controls? | C32: Yes | D32: =_xlfn.IFS(C32="Yes",1,C32="Partial",0.5,C32="N/A","N/A",C32="No",0) -> 1 | E32: Documentation / certification on file or available upon request.
A33: 22 | B33: Are access rights reviewed and recertified at least quarterly? | C33: Partial | D33: =_xlfn.IFS(C33="Yes",1,C33="Partial",0.5,C33="N/A","N/A",C33="No",0) -> 0.5 | E33: Partial controls in place — gap remediation plan or timeline requested.
A34: 23 | B34: Is access promptly revoked upon employee termination or role change? | C34: Yes | D34: =_xlfn.IFS(C34="Yes",1,C34="Partial",0.5,C34="N/A","N/A",C34="No",0) -> 1 | E34: Documentation / certification on file or available upon request.
A35: 24 | B35: Are all remote access sessions secured via VPN or equivalent encrypted tunnel? | C35: Yes | D35: =_xlfn.IFS(C35="Yes",1,C35="Partial",0.5,C35="N/A","N/A",C35="No",0) -> 1 | E35: Documentation / certification on file or available upon request.
A36: 25 | B36: Is single sign-on (SSO) implemented with a centralized identity provider? | C36: Partial | D36: =_xlfn.IFS(C36="Yes",1,C36="Partial",0.5,C36="N/A","N/A",C36="No",0) -> 0.5 | E36: Partial controls in place — gap remediation plan or timeline requested.
A37: 26 | B37: Are service accounts inventoried and subject to the same access controls as user accounts? | C37: Partial | D37: =_xlfn.IFS(C37="Yes",1,C37="Partial",0.5,C37="N/A","N/A",C37="No",0) -> 0.5 | E37: Partial controls in place — gap remediation plan or timeline requested.
A38: 27 | B38: Does the vendor log and monitor all privileged account activity? | C38: Partial | D38: =_xlfn.IFS(C38="Yes",1,C38="Partial",0.5,C38="N/A","N/A",C38="No",0) -> 0.5 | E38: Partial controls in place — gap remediation plan or timeline requested.
B39: Domain 3 Score — Access Control & Identity Management | D39: =IFERROR(AVERAGEIF(D30:D38,"<>N/A",D30:D38),0) -> 0.77777778
A41: Domain 4: Incident Response & Notification
A42: 28 | B42: Does the vendor have a documented and tested Incident Response Plan (IRP)? | C42: Yes | D42: =_xlfn.IFS(C42="Yes",1,C42="Partial",0.5,C42="N/A","N/A",C42="No",0) -> 1 | E42: Documentation / certification on file or available upon request.
A43: 29 | B43: Are incident response roles and responsibilities (RACI) formally defined? | C43: Yes | D43: =_xlfn.IFS(C43="Yes",1,C43="Partial",0.5,C43="N/A","N/A",C43="No",0) -> 1 | E43: Documentation / certification on file or available upon request.
A44: 30 | B44: Does the vendor conduct tabletop exercises or simulated incident drills at least annually? | C44: Partial | D44: =_xlfn.IFS(C44="Yes",1,C44="Partial",0.5,C44="N/A","N/A",C44="No",0) -> 0.5 | E44: Partial controls in place — gap remediation plan or timeline requested.
A45: 31 | B45: Is there a defined incident severity classification and escalation framework? | C45: Yes | D45: =_xlfn.IFS(C45="Yes",1,C45="Partial",0.5,C45="N/A","N/A",C45="No",0) -> 1 | E45: Documentation / certification on file or available upon request.
A46: 32 | B46: Will the vendor notify Meridian Pay of a confirmed breach within 24 hours of discovery? | C46: Yes | D46: =_xlfn.IFS(C46="Yes",1,C46="Partial",0.5,C46="N/A","N/A",C46="No",0) -> 1 | E46: Documentation / certification on file or available upon request.
A47: 33 | B47: Does the vendor maintain forensic readiness procedures (evidence preservation)? | C47: Partial | D47: =_xlfn.IFS(C47="Yes",1,C47="Partial",0.5,C47="N/A","N/A",C47="No",0) -> 0.5 | E47: Partial controls in place — gap remediation plan or timeline requested.
A48: 34 | B48: Is there a defined process for post-incident review and lessons-learned documentation? | C48: Partial | D48: =_xlfn.IFS(C48="Yes",1,C48="Partial",0.5,C48="N/A","N/A",C48="No",0) -> 0.5 | E48: Partial controls in place — gap remediation plan or timeline requested.
A49: 35 | B49: Does the vendor have a 24/7 security operations or on-call capability for incident response? | C49: Partial | D49: =_xlfn.IFS(C49="Yes",1,C49="Partial",0.5,C49="N/A","N/A",C49="No",0) -> 0.5 | E49: Partial controls in place — gap remediation plan or timeline requested.
A50: 36 | B50: Are breach notification procedures mapped to applicable regulatory timelines? | C50: Partial | D50: =_xlfn.IFS(C50="Yes",1,C50="Partial",0.5,C50="N/A","N/A",C50="No",0) -> 0.5 | E50: Partial controls in place — gap remediation plan or timeline requested.
B51: Domain 4 Score — Incident Response & Notification | D51: =IFERROR(AVERAGEIF(D42:D50,"<>N/A",D42:D50),0) -> 0.72222222
A53: Domain 5: Business Continuity & Disaster Recovery
A54: 37 | B54: Does the vendor have a documented Business Continuity Plan (BCP)? | C54: Yes | D54: =_xlfn.IFS(C54="Yes",1,C54="Partial",0.5,C54="N/A","N/A",C54="No",0) -> 1 | E54: Documentation / certification on file or available upon request.
A55: 38 | B55: Does the vendor have a documented Disaster Recovery Plan (DRP)? | C55: Yes | D55: =_xlfn.IFS(C55="Yes",1,C55="Partial",0.5,C55="N/A","N/A",C55="No",0) -> 1 | E55: Documentation / certification on file or available upon request.
A56: 39 | B56: Are BCP/DRP tested via tabletop exercises or live failover at least annually? | C56: Partial | D56: =_xlfn.IFS(C56="Yes",1,C56="Partial",0.5,C56="N/A","N/A",C56="No",0) -> 0.5 | E56: Partial controls in place — gap remediation plan or timeline requested.
A57: 40 | B57: Are Recovery Time Objectives (RTO) and Recovery Point Objectives (RPO) formally defined? | C57: Yes | D57: =_xlfn.IFS(C57="Yes",1,C57="Partial",0.5,C57="N/A","N/A",C57="No",0) -> 1 | E57: Documentation / certification on file or available upon request.
A58: 41 | B58: Are production systems and data backed up at a frequency consistent with defined RPO? | C58: Yes | D58: =_xlfn.IFS(C58="Yes",1,C58="Partial",0.5,C58="N/A","N/A",C58="No",0) -> 1 | E58: Documentation / certification on file or available upon request.
A59: 42 | B59: Are backups stored in a geographically separate location from primary systems? | C59: Yes | D59: =_xlfn.IFS(C59="Yes",1,C59="Partial",0.5,C59="N/A","N/A",C59="No",0) -> 1 | E59: Documentation / certification on file or available upon request.
A60: 43 | B60: Are backup restoration procedures tested at least semi-annually? | C60: Partial | D60: =_xlfn.IFS(C60="Yes",1,C60="Partial",0.5,C60="N/A","N/A",C60="No",0) -> 0.5 | E60: Partial controls in place — gap remediation plan or timeline requested.
A61: 44 | B61: Does the vendor maintain redundant infrastructure (availability zones, failover)? | C61: Yes | D61: =_xlfn.IFS(C61="Yes",1,C61="Partial",0.5,C61="N/A","N/A",C61="No",0) -> 1 | E61: Documentation / certification on file or available upon request.
A62: 45 | B62: Are critical third-party dependencies included in BCP/DRP scope? | C62: Partial | D62: =_xlfn.IFS(C62="Yes",1,C62="Partial",0.5,C62="N/A","N/A",C62="No",0) -> 0.5 | E62: Partial controls in place — gap remediation plan or timeline requested.
B63: Domain 5 Score — Business Continuity & Disaster Recovery | D63: =IFERROR(AVERAGEIF(D54:D62,"<>N/A",D54:D62),0) -> 0.83333333
A65: Domain 6: Infrastructure & Network Security
A66: 46 | B66: Does the vendor conduct vulnerability scanning on a defined recurring schedule? | C66: Yes | D66: =_xlfn.IFS(C66="Yes",1,C66="Partial",0.5,C66="N/A","N/A",C66="No",0) -> 1 | E66: Documentation / certification on file or available upon request.
A67: 47 | B67: Does the vendor conduct penetration testing at least annually by a qualified third party? | C67: Partial | D67: =_xlfn.IFS(C67="Yes",1,C67="Partial",0.5,C67="N/A","N/A",C67="No",0) -> 0.5 | E67: Partial controls in place — gap remediation plan or timeline requested.
A68: 48 | B68: Are security patches applied within defined SLAs (e.g., critical within 30 days)? | C68: Yes | D68: =_xlfn.IFS(C68="Yes",1,C68="Partial",0.5,C68="N/A","N/A",C68="No",0) -> 1 | E68: Documentation / certification on file or available upon request.
A69: 49 | B69: Is network traffic segmented to isolate sensitive systems from general corporate networks? | C69: Yes | D69: =_xlfn.IFS(C69="Yes",1,C69="Partial",0.5,C69="N/A","N/A",C69="No",0) -> 1 | E69: Documentation / certification on file or available upon request.
A70: 50 | B70: Does the vendor operate a centralized SIEM or log management platform? | C70: Partial | D70: =_xlfn.IFS(C70="Yes",1,C70="Partial",0.5,C70="N/A","N/A",C70="No",0) -> 0.5 | E70: Partial controls in place — gap remediation plan or timeline requested.
A71: 51 | B71: Are security alerts monitored continuously (24/7) by a SOC or equivalent function? | C71: Partial | D71: =_xlfn.IFS(C71="Yes",1,C71="Partial",0.5,C71="N/A","N/A",C71="No",0) -> 0.5 | E71: Partial controls in place — gap remediation plan or timeline requested.
A72: 52 | B72: Is a Web Application Firewall (WAF) deployed for customer-facing applications? | C72: Yes | D72: =_xlfn.IFS(C72="Yes",1,C72="Partial",0.5,C72="N/A","N/A",C72="No",0) -> 1 | E72: Documentation / certification on file or available upon request.
A73: 53 | B73: Are endpoint devices managed and protected with EDR or equivalent endpoint controls? | C73: Yes | D73: =_xlfn.IFS(C73="Yes",1,C73="Partial",0.5,C73="N/A","N/A",C73="No",0) -> 1 | E73: Documentation / certification on file or available upon request.
A74: 54 | B74: Is configuration management / hardening applied to all production systems? | C74: Yes | D74: =_xlfn.IFS(C74="Yes",1,C74="Partial",0.5,C74="N/A","N/A",C74="No",0) -> 1 | E74: Documentation / certification on file or available upon request.
B75: Domain 6 Score — Infrastructure & Network Security | D75: =IFERROR(AVERAGEIF(D66:D74,"<>N/A",D66:D74),0) -> 0.83333333
A77: Domain 7: Compliance & Certifications
A78: 55 | B78: Does the vendor hold a current SOC 2 Type II report (within last 12 months)? | C78: Partial | D78: =_xlfn.IFS(C78="Yes",1,C78="Partial",0.5,C78="N/A","N/A",C78="No",0) -> 0.5 | E78: Partial controls in place — gap remediation plan or timeline requested.
A79: 56 | B79: Does the vendor hold ISO 27001 certification or equivalent? | C79: Partial | D79: =_xlfn.IFS(C79="Yes",1,C79="Partial",0.5,C79="N/A","N/A",C79="No",0) -> 0.5 | E79: Partial controls in place — gap remediation plan or timeline requested.
A80: 57 | B80: Is the vendor PCI-DSS compliant (if applicable to services provided)? | C80: N/A | D80: =_xlfn.IFS(C80="Yes",1,C80="Partial",0.5,C80="N/A","N/A",C80="No",0) -> N/A | E80: Not applicable to this vendor's service scope.
A81: 58 | B81: Does the vendor comply with applicable data privacy regulations (e.g., CCPA, GDPR)? | C81: Yes | D81: =_xlfn.IFS(C81="Yes",1,C81="Partial",0.5,C81="N/A","N/A",C81="No",0) -> 1 | E81: Documentation / certification on file or available upon request.
A82: 59 | B82: Are compliance certifications made available to Meridian Pay upon request? | C82: Yes | D82: =_xlfn.IFS(C82="Yes",1,C82="Partial",0.5,C82="N/A","N/A",C82="No",0) -> 1 | E82: Documentation / certification on file or available upon request.
A83: 60 | B83: Does the vendor undergo annual third-party security audits? | C83: Partial | D83: =_xlfn.IFS(C83="Yes",1,C83="Partial",0.5,C83="N/A","N/A",C83="No",0) -> 0.5 | E83: Partial controls in place — gap remediation plan or timeline requested.
A84: 61 | B84: Are audit findings tracked and remediated within agreed timeframes? | C84: Partial | D84: =_xlfn.IFS(C84="Yes",1,C84="Partial",0.5,C84="N/A","N/A",C84="No",0) -> 0.5 | E84: Partial controls in place — gap remediation plan or timeline requested.
A85: 62 | B85: Does the vendor maintain a formal compliance program with dedicated ownership? | C85: Partial | D85: =_xlfn.IFS(C85="Yes",1,C85="Partial",0.5,C85="N/A","N/A",C85="No",0) -> 0.5 | E85: Partial controls in place — gap remediation plan or timeline requested.
A86: 63 | B86: Is the vendor's compliance posture reviewed as part of the contract renewal process? | C86: Partial | D86: =_xlfn.IFS(C86="Yes",1,C86="Partial",0.5,C86="N/A","N/A",C86="No",0) -> 0.5 | E86: Partial controls in place — gap remediation plan or timeline requested.
B87: Domain 7 Score — Compliance & Certifications | D87: =IFERROR(AVERAGEIF(D78:D86,"<>N/A",D78:D86),0) -> 0.625
A89: Domain 8: Fourth-Party / Subcontractor Risk
A90: 64 | B90: Does the vendor maintain an inventory of all subcontractors with access to client data? | C90: Partial | D90: =_xlfn.IFS(C90="Yes",1,C90="Partial",0.5,C90="N/A","N/A",C90="No",0) -> 0.5 | E90: Partial controls in place — gap remediation plan or timeline requested.
A91: 65 | B91: Are subcontractors subject to security assessments before engagement? | C91: Partial | D91: =_xlfn.IFS(C91="Yes",1,C91="Partial",0.5,C91="N/A","N/A",C91="No",0) -> 0.5 | E91: Partial controls in place — gap remediation plan or timeline requested.
A92: 66 | B92: Are subcontractors contractually required to meet equivalent security standards? | C92: Partial | D92: =_xlfn.IFS(C92="Yes",1,C92="Partial",0.5,C92="N/A","N/A",C92="No",0) -> 0.5 | E92: Partial controls in place — gap remediation plan or timeline requested.
A93: 67 | B93: Does the vendor require notification to Meridian Pay before engaging new subcontractors? | C93: Partial | D93: =_xlfn.IFS(C93="Yes",1,C93="Partial",0.5,C93="N/A","N/A",C93="No",0) -> 0.5 | E93: Partial controls in place — gap remediation plan or timeline requested.
A94: 68 | B94: Are subcontractor access rights limited to the minimum necessary for service delivery? | C94: Yes | D94: =_xlfn.IFS(C94="Yes",1,C94="Partial",0.5,C94="N/A","N/A",C94="No",0) -> 1 | E94: Documentation / certification on file or available upon request.
A95: 69 | B95: Are subcontractor relationships included in the vendor's BCP/DRP scope? | C95: Partial | D95: =_xlfn.IFS(C95="Yes",1,C95="Partial",0.5,C95="N/A","N/A",C95="No",0) -> 0.5 | E95: Partial controls in place — gap remediation plan or timeline requested.
A96: 70 | B96: Does the vendor conduct periodic reviews of subcontractor compliance? | C96: Partial | D96: =_xlfn.IFS(C96="Yes",1,C96="Partial",0.5,C96="N/A","N/A",C96="No",0) -> 0.5 | E96: Partial controls in place — gap remediation plan or timeline requested.
A97: 71 | B97: Are subcontractors prohibited from further sub-contracting without prior approval? | C97: Partial | D97: =_xlfn.IFS(C97="Yes",1,C97="Partial",0.5,C97="N/A","N/A",C97="No",0) -> 0.5 | E97: Partial controls in place — gap remediation plan or timeline requested.
B98: Domain 8 Score — Fourth-Party / Subcontractor Risk | D98: =IFERROR(AVERAGEIF(D90:D97,"<>N/A",D90:D97),0) -> 0.5625
A100: OVERALL VENDOR SCORE | D100: =AVERAGE(D15,D27,D39,D51,D63,D75,D87,D98) -> 0.75260417
A101: RISK RATING | D101: =_xlfn.IFS(D100>=0.85,"Low Risk",D100>=0.65,"Medium Risk",D100>=0.45,"High Risk",D100<0.45,"Critical Risk") -> Medium Risk

Sheet Support Contractor A
A1: Vendor Risk Assessment — Support Contractor A
A2: Service: Offshore Customer Support | Risk Tier: Tier 2 – High | Meridian Pay Solutions | Q1 2026
A4: # | B4: Question | C4: Response (Y/P/N/NA) | D4: Score | E4: Notes / Evidence Required
A5: Domain 1: Organizational Security Governance
A6: 1 | B6: Does the vendor have a documented Information Security Policy reviewed at least annually? | C6: Partial | D6: =_xlfn.IFS(C6="Yes",1,C6="Partial",0.5,C6="N/A","N/A",C6="No",0) -> 0.5 | E6: Partial controls in place — gap remediation plan or timeline requested.
A7: 2 | B7: Is there a dedicated security leadership role (CISO or equivalent)? | C7: No | D7: =_xlfn.IFS(C7="Yes",1,C7="Partial",0.5,C7="N/A","N/A",C7="No",0) -> 0 | E7: Control not in place — vendor must provide remediation timeline.
A8: 3 | B8: Does the vendor conduct annual security risk assessments? | C8: Partial | D8: =_xlfn.IFS(C8="Yes",1,C8="Partial",0.5,C8="N/A","N/A",C8="No",0) -> 0.5 | E8: Partial controls in place — gap remediation plan or timeline requested.
A9: 4 | B9: Are security roles and responsibilities formally documented and communicated to staff? | C9: Partial | D9: =_xlfn.IFS(C9="Yes",1,C9="Partial",0.5,C9="N/A","N/A",C9="No",0) -> 0.5 | E9: Partial controls in place — gap remediation plan or timeline requested.
A10: 5 | B10: Does the vendor maintain a security awareness training program for all employees? | C10: Partial | D10: =_xlfn.IFS(C10="Yes",1,C10="Partial",0.5,C10="N/A","N/A",C10="No",0) -> 0.5 | E10: Partial controls in place — gap remediation plan or timeline requested.
A11: 6 | B11: Does the vendor have a formal third-party / supply chain risk management program? | C11: No | D11: =_xlfn.IFS(C11="Yes",1,C11="Partial",0.5,C11="N/A","N/A",C11="No",0) -> 0 | E11: Control not in place — vendor must provide remediation timeline.
A12: 7 | B12: Are security metrics reported regularly to executive leadership or a board? | C12: No | D12: =_xlfn.IFS(C12="Yes",1,C12="Partial",0.5,C12="N/A","N/A",C12="No",0) -> 0 | E12: Control not in place — vendor must provide remediation timeline.
A13: 8 | B13: Does the vendor perform background checks on employees with access to client data? | C13: Yes | D13: =_xlfn.IFS(C13="Yes",1,C13="Partial",0.5,C13="N/A","N/A",C13="No",0) -> 1 | E13: Documentation / certification on file or available upon request.
A14: 9 | B14: Does the vendor have a documented acceptable use policy for systems and data? | C14: Partial | D14: =_xlfn.IFS(C14="Yes",1,C14="Partial",0.5,C14="N/A","N/A",C14="No",0) -> 0.5 | E14: Partial controls in place — gap remediation plan or timeline requested.
B15: Domain 1 Score — Organizational Security Governance | D15: =IFERROR(AVERAGEIF(D6:D14,"<>N/A",D6:D14),0) -> 0.38888889
A17: Domain 2: Data Security & Classification
A18: 10 | B18: Does the vendor maintain a data classification policy (e.g., Public, Confidential, Restricted)? | C18: Partial | D18: =_xlfn.IFS(C18="Yes",1,C18="Partial",0.5,C18="N/A","N/A",C18="No",0) -> 0.5 | E18: Partial controls in place — gap remediation plan or timeline requested.
A19: 11 | B19: Is data at rest encrypted using industry-standard algorithms (AES-256 or equivalent)? | C19: Yes | D19: =_xlfn.IFS(C19="Yes",1,C19="Partial",0.5,C19="N/A","N/A",C19="No",0) -> 1 | E19: Documentation / certification on file or available upon request.
A20: 12 | B20: Is data in transit encrypted using TLS 1.2 or higher? | C20: Yes | D20: =_xlfn.IFS(C20="Yes",1,C20="Partial",0.5,C20="N/A","N/A",C20="No",0) -> 1 | E20: Documentation / certification on file or available upon request.
A21: 13 | B21: Does the vendor maintain a data inventory identifying where client data is stored and processed? | C21: No | D21: =_xlfn.IFS(C21="Yes",1,C21="Partial",0.5,C21="N/A","N/A",C21="No",0) -> 0 | E21: Control not in place — vendor must provide remediation timeline.
A22: 14 | B22: Are data retention and destruction policies documented and enforced? | C22: Partial | D22: =_xlfn.IFS(C22="Yes",1,C22="Partial",0.5,C22="N/A","N/A",C22="No",0) -> 0.5 | E22: Partial controls in place — gap remediation plan or timeline requested.
A23: 15 | B23: Does the vendor restrict data processing to agreed geographic regions / jurisdictions? | C23: No | D23: =_xlfn.IFS(C23="Yes",1,C23="Partial",0.5,C23="N/A","N/A",C23="No",0) -> 0 | E23: Control not in place — vendor must provide remediation timeline.
A24: 16 | B24: Are encryption keys managed via a formal key management process (rotation, revocation)? | C24: No | D24: =_xlfn.IFS(C24="Yes",1,C24="Partial",0.5,C24="N/A","N/A",C24="No",0) -> 0 | E24: Control not in place — vendor must provide remediation timeline.
A25: 17 | B25: Is client data logically separated from other customers' data (multi-tenant controls)? | C25: Partial | D25: =_xlfn.IFS(C25="Yes",1,C25="Partial",0.5,C25="N/A","N/A",C25="No",0) -> 0.5 | E25: Partial controls in place — gap remediation plan or timeline requested.
A26: 18 | B26: Does the vendor have controls preventing unauthorized copying or exfiltration of data? | C26: Partial | D26: =_xlfn.IFS(C26="Yes",1,C26="Partial",0.5,C26="N/A","N/A",C26="No",0) -> 0.5 | E26: Partial controls in place — gap remediation plan or timeline requested.
B27: Domain 2 Score — Data Security & Classification | D27: =IFERROR(AVERAGEIF(D18:D26,"<>N/A",D18:D26),0) -> 0.44444444
A29: Domain 3: Access Control & Identity Management
A30: 19 | B30: Is multi-factor authentication (MFA) enforced for all access to systems handling client data? | C30: Partial | D30: =_xlfn.IFS(C30="Yes",1,C30="Partial",0.5,C30="N/A","N/A",C30="No",0) -> 0.5 | E30: Partial controls in place — gap remediation plan or timeline requested.
A31: 20 | B31: Is role-based access control (RBAC) implemented with least-privilege principles? | C31: Partial | D31: =_xlfn.IFS(C31="Yes",1,C31="Partial",0.5,C31="N/A","N/A",C31="No",0) -> 0.5 | E31: Partial controls in place — gap remediation plan or timeline requested.
A32: 21 | B32: Are privileged accounts (admin/root) managed separately with enhanced controls? | C32: Partial | D32: =_xlfn.IFS(C32="Yes",1,C32="Partial",0.5,C32="N/A","N/A",C32="No",0) -> 0.5 | E32: Partial controls in place — gap remediation plan or timeline requested.
A33: 22 | B33: Are access rights reviewed and recertified at least quarterly? | C33: No | D33: =_xlfn.IFS(C33="Yes",1,C33="Partial",0.5,C33="N/A","N/A",C33="No",0) -> 0 | E33: Control not in place — vendor must provide remediation timeline.
A34: 23 | B34: Is access promptly revoked upon employee termination or role change? | C34: Partial | D34: =_xlfn.IFS(C34="Yes",1,C34="Partial",0.5,C34="N/A","N/A",C34="No",0) -> 0.5 | E34: Partial controls in place — gap remediation plan or timeline requested.
A35: 24 | B35: Are all remote access sessions secured via VPN or equivalent encrypted tunnel? | C35: Yes | D35: =_xlfn.IFS(C35="Yes",1,C35="Partial",0.5,C35="N/A","N/A",C35="No",0) -> 1 | E35: Documentation / certification on file or available upon request.
A36: 25 | B36: Is single sign-on (SSO) implemented with a centralized identity provider? | C36: No | D36: =_xlfn.IFS(C36="Yes",1,C36="Partial",0.5,C36="N/A","N/A",C36="No",0) -> 0 | E36: Control not in place — vendor must provide remediation timeline.
A37: 26 | B37: Are service accounts inventoried and subject to the same access controls as user accounts? | C37: No | D37: =_xlfn.IFS(C37="Yes",1,C37="Partial",0.5,C37="N/A","N/A",C37="No",0) -> 0 | E37: Control not in place — vendor must provide remediation timeline.
A38: 27 | B38: Does the vendor log and monitor all privileged account activity? | C38: Partial | D38: =_xlfn.IFS(C38="Yes",1,C38="Partial",0.5,C38="N/A","N/A",C38="No",0) -> 0.5 | E38: Partial controls in place — gap remediation plan or timeline requested.
B39: Domain 3 Score — Access Control & Identity Management | D39: =IFERROR(AVERAGEIF(D30:D38,"<>N/A",D30:D38),0) -> 0.38888889
A41: Domain 4: Incident Response & Notification
A42: 28 | B42: Does the vendor have a documented and tested Incident Response Plan (IRP)? | C42: Partial | D42: =_xlfn.IFS(C42="Yes",1,C42="Partial",0.5,C42="N/A","N/A",C42="No",0) -> 0.5 | E42: Partial controls in place — gap remediation plan or timeline requested.
A43: 29 | B43: Are incident response roles and responsibilities (RACI) formally defined? | C43: Partial | D43: =_xlfn.IFS(C43="Yes",1,C43="Partial",0.5,C43="N/A","N/A",C43="No",0) -> 0.5 | E43: Partial controls in place — gap remediation plan or timeline requested.
A44: 30 | B44: Does the vendor conduct tabletop exercises or simulated incident drills at least annually? | C44: No | D44: =_xlfn.IFS(C44="Yes",1,C44="Partial",0.5,C44="N/A","N/A",C44="No",0) -> 0 | E44: Control not in place — vendor must provide remediation timeline.
A45: 31 | B45: Is there a defined incident severity classification and escalation framework? | C45: Partial | D45: =_xlfn.IFS(C45="Yes",1,C45="Partial",0.5,C45="N/A","N/A",C45="No",0) -> 0.5 | E45: Partial controls in place — gap remediation plan or timeline requested.
A46: 32 | B46: Will the vendor notify Meridian Pay of a confirmed breach within 24 hours of discovery? | C46: Partial | D46: =_xlfn.IFS(C46="Yes",1,C46="Partial",0.5,C46="N/A","N/A",C46="No",0) -> 0.5 | E46: Partial controls in place — gap remediation plan or timeline requested.
A47: 33 | B47: Does the vendor maintain forensic readiness procedures (evidence preservation)? | C47: No | D47: =_xlfn.IFS(C47="Yes",1,C47="Partial",0.5,C47="N/A","N/A",C47="No",0) -> 0 | E47: Control not in place — vendor must provide remediation timeline.
A48: 34 | B48: Is there a defined process for post-incident review and lessons-learned documentation? | C48: No | D48: =_xlfn.IFS(C48="Yes",1,C48="Partial",0.5,C48="N/A","N/A",C48="No",0) -> 0 | E48: Control not in place — vendor must provide remediation timeline.
A49: 35 | B49: Does the vendor have a 24/7 security operations or on-call capability for incident response? | C49: No | D49: =_xlfn.IFS(C49="Yes",1,C49="Partial",0.5,C49="N/A","N/A",C49="No",0) -> 0 | E49: Control not in place — vendor must provide remediation timeline.
A50: 36 | B50: Are breach notification procedures mapped to applicable regulatory timelines? | C50: Partial | D50: =_xlfn.IFS(C50="Yes",1,C50="Partial",0.5,C50="N/A","N/A",C50="No",0) -> 0.5 | E50: Partial controls in place — gap remediation plan or timeline requested.
B51: Domain 4 Score — Incident Response & Notification | D51: =IFERROR(AVERAGEIF(D42:D50,"<>N/A",D42:D50),0) -> 0.27777778
A53: Domain 5: Business Continuity & Disaster Recovery
A54: 37 | B54: Does the vendor have a documented Business Continuity Plan (BCP)? | C54: Partial | D54: =_xlfn.IFS(C54="Yes",1,C54="Partial",0.5,C54="N/A","N/A",C54="No",0) -> 0.5 | E54: Partial controls in place — gap remediation plan or timeline requested.
A55: 38 | B55: Does the vendor have a documented Disaster Recovery Plan (DRP)? | C55: Partial | D55: =_xlfn.IFS(C55="Yes",1,C55="Partial",0.5,C55="N/A","N/A",C55="No",0) -> 0.5 | E55: Partial controls in place — gap remediation plan or timeline requested.
A56: 39 | B56: Are BCP/DRP tested via tabletop exercises or live failover at least annually? | C56: No | D56: =_xlfn.IFS(C56="Yes",1,C56="Partial",0.5,C56="N/A","N/A",C56="No",0) -> 0 | E56: Control not in place — vendor must provide remediation timeline.
A57: 40 | B57: Are Recovery Time Objectives (RTO) and Recovery Point Objectives (RPO) formally defined? | C57: Partial | D57: =_xlfn.IFS(C57="Yes",1,C57="Partial",0.5,C57="N/A","N/A",C57="No",0) -> 0.5 | E57: Partial controls in place — gap remediation plan or timeline requested.
A58: 41 | B58: Are production systems and data backed up at a frequency consistent with defined RPO? | C58: Yes | D58: =_xlfn.IFS(C58="Yes",1,C58="Partial",0.5,C58="N/A","N/A",C58="No",0) -> 1 | E58: Documentation / certification on file or available upon request.
A59: 42 | B59: Are backups stored in a geographically separate location from primary systems? | C59: Partial | D59: =_xlfn.IFS(C59="Yes",1,C59="Partial",0.5,C59="N/A","N/A",C59="No",0) -> 0.5 | E59: Partial controls in place — gap remediation plan or timeline requested.
A60: 43 | B60: Are backup restoration procedures tested at least semi-annually? | C60: No | D60: =_xlfn.IFS(C60="Yes",1,C60="Partial",0.5,C60="N/A","N/A",C60="No",0) -> 0 | E60: Control not in place — vendor must provide remediation timeline.
A61: 44 | B61: Does the vendor maintain redundant infrastructure (availability zones, failover)? | C61: No | D61: =_xlfn.IFS(C61="Yes",1,C61="Partial",0.5,C61="N/A","N/A",C61="No",0) -> 0 | E61: Control not in place — vendor must provide remediation timeline.
A62: 45 | B62: Are critical third-party dependencies included in BCP/DRP scope? | C62: No | D62: =_xlfn.IFS(C62="Yes",1,C62="Partial",0.5,C62="N/A","N/A",C62="No",0) -> 0 | E62: Control not in place — vendor must provide remediation timeline.
B63: Domain 5 Score — Business Continuity & Disaster Recovery | D63: =IFERROR(AVERAGEIF(D54:D62,"<>N/A",D54:D62),0) -> 0.33333333
A65: Domain 6: Infrastructure & Network Security
A66: 46 | B66: Does the vendor conduct vulnerability scanning on a defined recurring schedule? | C66: Partial | D66: =_xlfn.IFS(C66="Yes",1,C66="Partial",0.5,C66="N/A","N/A",C66="No",0) -> 0.5 | E66: Partial controls in place — gap remediation plan or timeline requested.
A67: 47 | B67: Does the vendor conduct penetration testing at least annually by a qualified third party? | C67: No | D67: =_xlfn.IFS(C67="Yes",1,C67="Partial",0.5,C67="N/A","N/A",C67="No",0) -> 0 | E67: Control not in place — vendor must provide remediation timeline.
A68: 48 | B68: Are security patches applied within defined SLAs (e.g., critical within 30 days)? | C68: Partial | D68: =_xlfn.IFS(C68="Yes",1,C68="Partial",0.5,C68="N/A","N/A",C68="No",0) -> 0.5 | E68: Partial controls in place — gap remediation plan or timeline requested.
A69: 49 | B69: Is network traffic segmented to isolate sensitive systems from general corporate networks? | C69: Partial | D69: =_xlfn.IFS(C69="Yes",1,C69="Partial",0.5,C69="N/A","N/A",C69="No",0) -> 0.5 | E69: Partial controls in place — gap remediation plan or timeline requested.
A70: 50 | B70: Does the vendor operate a centralized SIEM or log management platform? | C70: No | D70: =_xlfn.IFS(C70="Yes",1,C70="Partial",0.5,C70="N/A","N/A",C70="No",0) -> 0 | E70: Control not in place — vendor must provide remediation timeline.
A71: 51 | B71: Are security alerts monitored continuously (24/7) by a SOC or equivalent function? | C71: No | D71: =_xlfn.IFS(C71="Yes",1,C71="Partial",0.5,C71="N/A","N/A",C71="No",0) -> 0 | E71: Control not in place — vendor must provide remediation timeline.
A72: 52 | B72: Is a Web Application Firewall (WAF) deployed for customer-facing applications? | C72: Partial | D72: =_xlfn.IFS(C72="Yes",1,C72="Partial",0.5,C72="N/A","N/A",C72="No",0) -> 0.5 | E72: Partial controls in place — gap remediation plan or timeline requested.
A73: 53 | B73: Are endpoint devices managed and protected with EDR or equivalent endpoint controls? | C73: Partial | D73: =_xlfn.IFS(C73="Yes",1,C73="Partial",0.5,C73="N/A","N/A",C73="No",0) -> 0.5 | E73: Partial controls in place — gap remediation plan or timeline requested.
A74: 54 | B74: Is configuration management / hardening applied to all production systems? | C74: Partial | D74: =_xlfn.IFS(C74="Yes",1,C74="Partial",0.5,C74="N/A","N/A",C74="No",0) -> 0.5 | E74: Partial controls in place — gap remediation plan or timeline requested.
B75: Domain 6 Score — Infrastructure & Network Security | D75: =IFERROR(AVERAGEIF(D66:D74,"<>N/A",D66:D74),0) -> 0.33333333
A77: Domain 7: Compliance & Certifications
A78: 55 | B78: Does the vendor hold a current SOC 2 Type II report (within last 12 months)? | C78: No | D78: =_xlfn.IFS(C78="Yes",1,C78="Partial",0.5,C78="N/A","N/A",C78="No",0) -> 0 | E78: Control not in place — vendor must provide remediation timeline.
A79: 56 | B79: Does the vendor hold ISO 27001 certification or equivalent? | C79: No | D79: =_xlfn.IFS(C79="Yes",1,C79="Partial",0.5,C79="N/A","N/A",C79="No",0) -> 0 | E79: Control not in place — vendor must provide remediation timeline.
A80: 57 | B80: Is the vendor PCI-DSS compliant (if applicable to services provided)? | C80: N/A | D80: =_xlfn.IFS(C80="Yes",1,C80="Partial",0.5,C80="N/A","N/A",C80="No",0) -> N/A | E80: Not applicable to this vendor's service scope.
A81: 58 | B81: Does the vendor comply with applicable data privacy regulations (e.g., CCPA, GDPR)? | C81: Partial | D81: =_xlfn.IFS(C81="Yes",1,C81="Partial",0.5,C81="N/A","N/A",C81="No",0) -> 0.5 | E81: Partial controls in place — gap remediation plan or timeline requested.
A82: 59 | B82: Are compliance certifications made available to Meridian Pay upon request? | C82: Partial | D82: =_xlfn.IFS(C82="Yes",1,C82="Partial",0.5,C82="N/A","N/A",C82="No",0) -> 0.5 | E82: Partial controls in place — gap remediation plan or timeline requested.
A83: 60 | B83: Does the vendor undergo annual third-party security audits? | C83: No | D83: =_xlfn.IFS(C83="Yes",1,C83="Partial",0.5,C83="N/A","N/A",C83="No",0) -> 0 | E83: Control not in place — vendor must provide remediation timeline.
A84: 61 | B84: Are audit findings tracked and remediated within agreed timeframes? | C84: Partial | D84: =_xlfn.IFS(C84="Yes",1,C84="Partial",0.5,C84="N/A","N/A",C84="No",0) -> 0.5 | E84: Partial controls in place — gap remediation plan or timeline requested.
A85: 62 | B85: Does the vendor maintain a formal compliance program with dedicated ownership? | C85: No | D85: =_xlfn.IFS(C85="Yes",1,C85="Partial",0.5,C85="N/A","N/A",C85="No",0) -> 0 | E85: Control not in place — vendor must provide remediation timeline.
A86: 63 | B86: Is the vendor's compliance posture reviewed as part of the contract renewal process? | C86: No | D86: =_xlfn.IFS(C86="Yes",1,C86="Partial",0.5,C86="N/A","N/A",C86="No",0) -> 0 | E86: Control not in place — vendor must provide remediation timeline.
B87: Domain 7 Score — Compliance & Certifications | D87: =IFERROR(AVERAGEIF(D78:D86,"<>N/A",D78:D86),0) -> 0.1875
A89: Domain 8: Fourth-Party / Subcontractor Risk
A90: 64 | B90: Does the vendor maintain an inventory of all subcontractors with access to client data? | C90: No | D90: =_xlfn.IFS(C90="Yes",1,C90="Partial",0.5,C90="N/A","N/A",C90="No",0) -> 0 | E90: Control not in place — vendor must provide remediation timeline.
A91: 65 | B91: Are subcontractors subject to security assessments before engagement? | C91: No | D91: =_xlfn.IFS(C91="Yes",1,C91="Partial",0.5,C91="N/A","N/A",C91="No",0) -> 0 | E91: Control not in place — vendor must provide remediation timeline.
A92: 66 | B92: Are subcontractors contractually required to meet equivalent security standards? | C92: No | D92: =_xlfn.IFS(C92="Yes",1,C92="Partial",0.5,C92="N/A","N/A",C92="No",0) -> 0 | E92: Control not in place — vendor must provide remediation timeline.
A93: 67 | B93: Does the vendor require notification to Meridian Pay before engaging new subcontractors? | C93: No | D93: =_xlfn.IFS(C93="Yes",1,C93="Partial",0.5,C93="N/A","N/A",C93="No",0) -> 0 | E93: Control not in place — vendor must provide remediation timeline.
A94: 68 | B94: Are subcontractor access rights limited to the minimum necessary for service delivery? | C94: Partial | D94: =_xlfn.IFS(C94="Yes",1,C94="Partial",0.5,C94="N/A","N/A",C94="No",0) -> 0.5 | E94: Partial controls in place — gap remediation plan or timeline requested.
A95: 69 | B95: Are subcontractor relationships included in the vendor's BCP/DRP scope? | C95: No | D95: =_xlfn.IFS(C95="Yes",1,C95="Partial",0.5,C95="N/A","N/A",C95="No",0) -> 0 | E95: Control not in place — vendor must provide remediation timeline.
A96: 70 | B96: Does the vendor conduct periodic reviews of subcontractor compliance? | C96: No | D96: =_xlfn.IFS(C96="Yes",1,C96="Partial",0.5,C96="N/A","N/A",C96="No",0) -> 0 | E96: Control not in place — vendor must provide remediation timeline.
A97: 71 | B97: Are subcontractors prohibited from further sub-contracting without prior approval? | C97: No | D97: =_xlfn.IFS(C97="Yes",1,C97="Partial",0.5,C97="N/A","N/A",C97="No",0) -> 0 | E97: Control not in place — vendor must provide remediation timeline.
B98: Domain 8 Score — Fourth-Party / Subcontractor Risk | D98: =IFERROR(AVERAGEIF(D90:D97,"<>N/A",D90:D97),0) -> 0.0625
A100: OVERALL VENDOR SCORE | D100: =AVERAGE(D15,D27,D39,D51,D63,D75,D87,D98) -> 0.30208333
A101: RISK RATING | D101: =_xlfn.IFS(D100>=0.85,"Low Risk",D100>=0.65,"Medium Risk",D100>=0.45,"High Risk",D100<0.45,"Critical Risk") -> Critical Risk

Sheet Support Contractor B
A1: Vendor Risk Assessment — Support Contractor B
A2: Service: Offshore Customer Support | Risk Tier: Tier 2 – High | Meridian Pay Solutions | Q1 2026
A4: # | B4: Question | C4: Response (Y/P/N/NA) | D4: Score | E4: Notes / Evidence Required
A5: Domain 1: Organizational Security Governance
A6: 1 | B6: Does the vendor have a documented Information Security Policy reviewed at least annually? | C6: Partial | D6: =_xlfn.IFS(C6="Yes",1,C6="Partial",0.5,C6="N/A","N/A",C6="No",0) -> 0.5 | E6: Partial controls in place — gap remediation plan or timeline requested.
A7: 2 | B7: Is there a dedicated security leadership role (CISO or equivalent)? | C7: No | D7: =_xlfn.IFS(C7="Yes",1,C7="Partial",0.5,C7="N/A","N/A",C7="No",0) -> 0 | E7: Control not in place — vendor must provide remediation timeline.
A8: 3 | B8: Does the vendor conduct annual security risk assessments? | C8: Partial | D8: =_xlfn.IFS(C8="Yes",1,C8="Partial",0.5,C8="N/A","N/A",C8="No",0) -> 0.5 | E8: Partial controls in place — gap remediation plan or timeline requested.
A9: 4 | B9: Are security roles and responsibilities formally documented and communicated to staff? | C9: No | D9: =_xlfn.IFS(C9="Yes",1,C9="Partial",0.5,C9="N/A","N/A",C9="No",0) -> 0 | E9: Control not in place — vendor must provide remediation timeline.
A10: 5 | B10: Does the vendor maintain a security awareness training program for all employees? | C10: Partial | D10: =_xlfn.IFS(C10="Yes",1,C10="Partial",0.5,C10="N/A","N/A",C10="No",0) -> 0.5 | E10: Partial controls in place — gap remediation plan or timeline requested.
A11: 6 | B11: Does the vendor have a formal third-party / supply chain risk management program? | C11: No | D11: =_xlfn.IFS(C11="Yes",1,C11="Partial",0.5,C11="N/A","N/A",C11="No",0) -> 0 | E11: Control not in place — vendor must provide remediation timeline.
A12: 7 | B12: Are security metrics reported regularly to executive leadership or a board? | C12: No | D12: =_xlfn.IFS(C12="Yes",1,C12="Partial",0.5,C12="N/A","N/A",C12="No",0) -> 0 | E12: Control not in place — vendor must provide remediation timeline.
A13: 8 | B13: Does the vendor perform background checks on employees with access to client data? | C13: Yes | D13: =_xlfn.IFS(C13="Yes",1,C13="Partial",0.5,C13="N/A","N/A",C13="No",0) -> 1 | E13: Documentation / certification on file or available upon request.
A14: 9 | B14: Does the vendor have a documented acceptable use policy for systems and data? | C14: Partial | D14: =_xlfn.IFS(C14="Yes",1,C14="Partial",0.5,C14="N/A","N/A",C14="No",0) -> 0.5 | E14: Partial controls in place — gap remediation plan or timeline requested.
B15: Domain 1 Score — Organizational Security Governance | D15: =IFERROR(AVERAGEIF(D6:D14,"<>N/A",D6:D14),0) -> 0.33333333
A17: Domain 2: Data Security & Classification
A18: 10 | B18: Does the vendor maintain a data classification policy (e.g., Public, Confidential, Restricted)? | C18: Partial | D18: =_xlfn.IFS(C18="Yes",1,C18="Partial",0.5,C18="N/A","N/A",C18="No",0) -> 0.5 | E18: Partial controls in place — gap remediation plan or timeline requested.
A19: 11 | B19: Is data at rest encrypted using industry-standard algorithms (AES-256 or equivalent)? | C19: Yes | D19: =_xlfn.IFS(C19="Yes",1,C19="Partial",0.5,C19="N/A","N/A",C19="No",0) -> 1 | E19: Documentation / certification on file or available upon request.
A20: 12 | B20: Is data in transit encrypted using TLS 1.2 or higher? | C20: Yes | D20: =_xlfn.IFS(C20="Yes",1,C20="Partial",0.5,C20="N/A","N/A",C20="No",0) -> 1 | E20: Documentation / certification on file or available upon request.
A21: 13 | B21: Does the vendor maintain a data inventory identifying where client data is stored and processed? | C21: No | D21: =_xlfn.IFS(C21="Yes",1,C21="Partial",0.5,C21="N/A","N/A",C21="No",0) -> 0 | E21: Control not in place — vendor must provide remediation timeline.
A22: 14 | B22: Are data retention and destruction policies documented and enforced? | C22: Partial | D22: =_xlfn.IFS(C22="Yes",1,C22="Partial",0.5,C22="N/A","N/A",C22="No",0) -> 0.5 | E22: Partial controls in place — gap remediation plan or timeline requested.
A23: 15 | B23: Does the vendor restrict data processing to agreed geographic regions / jurisdictions? | C23: No | D23: =_xlfn.IFS(C23="Yes",1,C23="Partial",0.5,C23="N/A","N/A",C23="No",0) -> 0 | E23: Control not in place — vendor must provide remediation timeline.
A24: 16 | B24: Are encryption keys managed via a formal key management process (rotation, revocation)? | C24: No | D24: =_xlfn.IFS(C24="Yes",1,C24="Partial",0.5,C24="N/A","N/A",C24="No",0) -> 0 | E24: Control not in place — vendor must provide remediation timeline.
A25: 17 | B25: Is client data logically separated from other customers' data (multi-tenant controls)? | C25: Partial | D25: =_xlfn.IFS(C25="Yes",1,C25="Partial",0.5,C25="N/A","N/A",C25="No",0) -> 0.5 | E25: Partial controls in place — gap remediation plan or timeline requested.
A26: 18 | B26: Does the vendor have controls preventing unauthorized copying or exfiltration of data? | C26: No | D26: =_xlfn.IFS(C26="Yes",1,C26="Partial",0.5,C26="N/A","N/A",C26="No",0) -> 0 | E26: Control not in place — vendor must provide remediation timeline.
B27: Domain 2 Score — Data Security & Classification | D27: =IFERROR(AVERAGEIF(D18:D26,"<>N/A",D18:D26),0) -> 0.38888889
A29: Domain 3: Access Control & Identity Management
A30: 19 | B30: Is multi-factor authentication (MFA) enforced for all access to systems handling client data? | C30: Partial | D30: =_xlfn.IFS(C30="Yes",1,C30="Partial",0.5,C30="N/A","N/A",C30="No",0) -> 0.5 | E30: Partial controls in place — gap remediation plan or timeline requested.
A31: 20 | B31: Is role-based access control (RBAC) implemented with least-privilege principles? | C31: Partial | D31: =_xlfn.IFS(C31="Yes",1,C31="Partial",0.5,C31="N/A","N/A",C31="No",0) -> 0.5 | E31: Partial controls in place — gap remediation plan or timeline requested.
A32: 21 | B32: Are privileged accounts (admin/root) managed separately with enhanced controls? | C32: No | D32: =_xlfn.IFS(C32="Yes",1,C32="Partial",0.5,C32="N/A","N/A",C32="No",0) -> 0 | E32: Control not in place — vendor must provide remediation timeline.
A33: 22 | B33: Are access rights reviewed and recertified at least quarterly? | C33: No | D33: =_xlfn.IFS(C33="Yes",1,C33="Partial",0.5,C33="N/A","N/A",C33="No",0) -> 0 | E33: Control not in place — vendor must provide remediation timeline.
A34: 23 | B34: Is access promptly revoked upon employee termination or role change? | C34: Partial | D34: =_xlfn.IFS(C34="Yes",1,C34="Partial",0.5,C34="N/A","N/A",C34="No",0) -> 0.5 | E34: Partial controls in place — gap remediation plan or timeline requested.
A35: 24 | B35: Are all remote access sessions secured via VPN or equivalent encrypted tunnel? | C35: Yes | D35: =_xlfn.IFS(C35="Yes",1,C35="Partial",0.5,C35="N/A","N/A",C35="No",0) -> 1 | E35: Documentation / certification on file or available upon request.
A36: 25 | B36: Is single sign-on (SSO) implemented with a centralized identity provider? | C36: No | D36: =_xlfn.IFS(C36="Yes",1,C36="Partial",0.5,C36="N/A","N/A",C36="No",0) -> 0 | E36: Control not in place — vendor must provide remediation timeline.
A37: 26 | B37: Are service accounts inventoried and subject to the same access controls as user accounts? | C37: No | D37: =_xlfn.IFS(C37="Yes",1,C37="Partial",0.5,C37="N/A","N/A",C37="No",0) -> 0 | E37: Control not in place — vendor must provide remediation timeline.
A38: 27 | B38: Does the vendor log and monitor all privileged account activity? | C38: No | D38: =_xlfn.IFS(C38="Yes",1,C38="Partial",0.5,C38="N/A","N/A",C38="No",0) -> 0 | E38: Control not in place — vendor must provide remediation timeline.
B39: Domain 3 Score — Access Control & Identity Management | D39: =IFERROR(AVERAGEIF(D30:D38,"<>N/A",D30:D38),0) -> 0.27777778
A41: Domain 4: Incident Response & Notification
A42: 28 | B42: Does the vendor have a documented and tested Incident Response Plan (IRP)? | C42: No | D42: =_xlfn.IFS(C42="Yes",1,C42="Partial",0.5,C42="N/A","N/A",C42="No",0) -> 0 | E42: Control not in place — vendor must provide remediation timeline.
A43: 29 | B43: Are incident response roles and responsibilities (RACI) formally defined? | C43: No | D43: =_xlfn.IFS(C43="Yes",1,C43="Partial",0.5,C43="N/A","N/A",C43="No",0) -> 0 | E43: Control not in place — vendor must provide remediation timeline.
A44: 30 | B44: Does the vendor conduct tabletop exercises or simulated incident drills at least annually? | C44: No | D44: =_xlfn.IFS(C44="Yes",1,C44="Partial",0.5,C44="N/A","N/A",C44="No",0) -> 0 | E44: Control not in place — vendor must provide remediation timeline.
A45: 31 | B45: Is there a defined incident severity classification and escalation framework? | C45: Partial | D45: =_xlfn.IFS(C45="Yes",1,C45="Partial",0.5,C45="N/A","N/A",C45="No",0) -> 0.5 | E45: Partial controls in place — gap remediation plan or timeline requested.
A46: 32 | B46: Will the vendor notify Meridian Pay of a confirmed breach within 24 hours of discovery? | C46: Partial | D46: =_xlfn.IFS(C46="Yes",1,C46="Partial",0.5,C46="N/A","N/A",C46="No",0) -> 0.5 | E46: Partial controls in place — gap remediation plan or timeline requested.
A47: 33 | B47: Does the vendor maintain forensic readiness procedures (evidence preservation)? | C47: No | D47: =_xlfn.IFS(C47="Yes",1,C47="Partial",0.5,C47="N/A","N/A",C47="No",0) -> 0 | E47: Control not in place — vendor must provide remediation timeline.
A48: 34 | B48: Is there a defined process for post-incident review and lessons-learned documentation? | C48: No | D48: =_xlfn.IFS(C48="Yes",1,C48="Partial",0.5,C48="N/A","N/A",C48="No",0) -> 0 | E48: Control not in place — vendor must provide remediation timeline.
A49: 35 | B49: Does the vendor have a 24/7 security operations or on-call capability for incident response? | C49: No | D49: =_xlfn.IFS(C49="Yes",1,C49="Partial",0.5,C49="N/A","N/A",C49="No",0) -> 0 | E49: Control not in place — vendor must provide remediation timeline.
A50: 36 | B50: Are breach notification procedures mapped to applicable regulatory timelines? | C50: Partial | D50: =_xlfn.IFS(C50="Yes",1,C50="Partial",0.5,C50="N/A","N/A",C50="No",0) -> 0.5 | E50: Partial controls in place — gap remediation plan or timeline requested.
B51: Domain 4 Score — Incident Response & Notification | D51: =IFERROR(AVERAGEIF(D42:D50,"<>N/A",D42:D50),0) -> 0.16666667
A53: Domain 5: Business Continuity & Disaster Recovery
A54: 37 | B54: Does the vendor have a documented Business Continuity Plan (BCP)? | C54: Partial | D54: =_xlfn.IFS(C54="Yes",1,C54="Partial",0.5,C54="N/A","N/A",C54="No",0) -> 0.5 | E54: Partial controls in place — gap remediation plan or timeline requested.
A55: 38 | B55: Does the vendor have a documented Disaster Recovery Plan (DRP)? | C55: No | D55: =_xlfn.IFS(C55="Yes",1,C55="Partial",0.5,C55="N/A","N/A",C55="No",0) -> 0 | E55: Control not in place — vendor must provide remediation timeline.
A56: 39 | B56: Are BCP/DRP tested via tabletop exercises or live failover at least annually? | C56: No | D56: =_xlfn.IFS(C56="Yes",1,C56="Partial",0.5,C56="N/A","N/A",C56="No",0) -> 0 | E56: Control not in place — vendor must provide remediation timeline.
A57: 40 | B57: Are Recovery Time Objectives (RTO) and Recovery Point Objectives (RPO) formally defined? | C57: Partial | D57: =_xlfn.IFS(C57="Yes",1,C57="Partial",0.5,C57="N/A","N/A",C57="No",0) -> 0.5 | E57: Partial controls in place — gap remediation plan or timeline requested.
A58: 41 | B58: Are production systems and data backed up at a frequency consistent with defined RPO? | C58: Yes | D58: =_xlfn.IFS(C58="Yes",1,C58="Partial",0.5,C58="N/A","N/A",C58="No",0) -> 1 | E58: Documentation / certification on file or available upon request.
A59: 42 | B59: Are backups stored in a geographically separate location from primary systems? | C59: Partial | D59: =_xlfn.IFS(C59="Yes",1,C59="Partial",0.5,C59="N/A","N/A",C59="No",0) -> 0.5 | E59: Partial controls in place — gap remediation plan or timeline requested.
A60: 43 | B60: Are backup restoration procedures tested at least semi-annually? | C60: No | D60: =_xlfn.IFS(C60="Yes",1,C60="Partial",0.5,C60="N/A","N/A",C60="No",0) -> 0 | E60: Control not in place — vendor must provide remediation timeline.
A61: 44 | B61: Does the vendor maintain redundant infrastructure (availability zones, failover)? | C61: No | D61: =_xlfn.IFS(C61="Yes",1,C61="Partial",0.5,C61="N/A","N/A",C61="No",0) -> 0 | E61: Control not in place — vendor must provide remediation timeline.
A62: 45 | B62: Are critical third-party dependencies included in BCP/DRP scope? | C62: No | D62: =_xlfn.IFS(C62="Yes",1,C62="Partial",0.5,C62="N/A","N/A",C62="No",0) -> 0 | E62: Control not in place — vendor must provide remediation timeline.
B63: Domain 5 Score — Business Continuity & Disaster Recovery | D63: =IFERROR(AVERAGEIF(D54:D62,"<>N/A",D54:D62),0) -> 0.27777778
A65: Domain 6: Infrastructure & Network Security
A66: 46 | B66: Does the vendor conduct vulnerability scanning on a defined recurring schedule? | C66: Partial | D66: =_xlfn.IFS(C66="Yes",1,C66="Partial",0.5,C66="N/A","N/A",C66="No",0) -> 0.5 | E66: Partial controls in place — gap remediation plan or timeline requested.
A67: 47 | B67: Does the vendor conduct penetration testing at least annually by a qualified third party? | C67: No | D67: =_xlfn.IFS(C67="Yes",1,C67="Partial",0.5,C67="N/A","N/A",C67="No",0) -> 0 | E67: Control not in place — vendor must provide remediation timeline.
A68: 48 | B68: Are security patches applied within defined SLAs (e.g., critical within 30 days)? | C68: Partial | D68: =_xlfn.IFS(C68="Yes",1,C68="Partial",0.5,C68="N/A","N/A",C68="No",0) -> 0.5 | E68: Partial controls in place — gap remediation plan or timeline requested.
A69: 49 | B69: Is network traffic segmented to isolate sensitive systems from general corporate networks? | C69: No | D69: =_xlfn.IFS(C69="Yes",1,C69="Partial",0.5,C69="N/A","N/A",C69="No",0) -> 0 | E69: Control not in place — vendor must provide remediation timeline.
A70: 50 | B70: Does the vendor operate a centralized SIEM or log management platform? | C70: No | D70: =_xlfn.IFS(C70="Yes",1,C70="Partial",0.5,C70="N/A","N/A",C70="No",0) -> 0 | E70: Control not in place — vendor must provide remediation timeline.
A71: 51 | B71: Are security alerts monitored continuously (24/7) by a SOC or equivalent function? | C71: No | D71: =_xlfn.IFS(C71="Yes",1,C71="Partial",0.5,C71="N/A","N/A",C71="No",0) -> 0 | E71: Control not in place — vendor must provide remediation timeline.
A72: 52 | B72: Is a Web Application Firewall (WAF) deployed for customer-facing applications? | C72: Partial | D72: =_xlfn.IFS(C72="Yes",1,C72="Partial",0.5,C72="N/A","N/A",C72="No",0) -> 0.5 | E72: Partial controls in place — gap remediation plan or timeline requested.
A73: 53 | B73: Are endpoint devices managed and protected with EDR or equivalent endpoint controls? | C73: Partial | D73: =_xlfn.IFS(C73="Yes",1,C73="Partial",0.5,C73="N/A","N/A",C73="No",0) -> 0.5 | E73: Partial controls in place — gap remediation plan or timeline requested.
A74: 54 | B74: Is configuration management / hardening applied to all production systems? | C74: Partial | D74: =_xlfn.IFS(C74="Yes",1,C74="Partial",0.5,C74="N/A","N/A",C74="No",0) -> 0.5 | E74: Partial controls in place — gap remediation plan or timeline requested.
B75: Domain 6 Score — Infrastructure & Network Security | D75: =IFERROR(AVERAGEIF(D66:D74,"<>N/A",D66:D74),0) -> 0.27777778
A77: Domain 7: Compliance & Certifications
A78: 55 | B78: Does the vendor hold a current SOC 2 Type II report (within last 12 months)? | C78: No | D78: =_xlfn.IFS(C78="Yes",1,C78="Partial",0.5,C78="N/A","N/A",C78="No",0) -> 0 | E78: Control not in place — vendor must provide remediation timeline.
A79: 56 | B79: Does the vendor hold ISO 27001 certification or equivalent? | C79: No | D79: =_xlfn.IFS(C79="Yes",1,C79="Partial",0.5,C79="N/A","N/A",C79="No",0) -> 0 | E79: Control not in place — vendor must provide remediation timeline.
A80: 57 | B80: Is the vendor PCI-DSS compliant (if applicable to services provided)? | C80: N/A | D80: =_xlfn.IFS(C80="Yes",1,C80="Partial",0.5,C80="N/A","N/A",C80="No",0) -> N/A | E80: Not applicable to this vendor's service scope.
A81: 58 | B81: Does the vendor comply with applicable data privacy regulations (e.g., CCPA, GDPR)? | C81: Partial | D81: =_xlfn.IFS(C81="Yes",1,C81="Partial",0.5,C81="N/A","N/A",C81="No",0) -> 0.5 | E81: Partial controls in place — gap remediation plan or timeline requested.
A82: 59 | B82: Are compliance certifications made available to Meridian Pay upon request? | C82: Partial | D82: =_xlfn.IFS(C82="Yes",1,C82="Partial",0.5,C82="N/A","N/A",C82="No",0) -> 0.5 | E82: Partial controls in place — gap remediation plan or timeline requested.
A83: 60 | B83: Does the vendor undergo annual third-party security audits? | C83: No | D83: =_xlfn.IFS(C83="Yes",1,C83="Partial",0.5,C83="N/A","N/A",C83="No",0) -> 0 | E83: Control not in place — vendor must provide remediation timeline.
A84: 61 | B84: Are audit findings tracked and remediated within agreed timeframes? | C84: Partial | D84: =_xlfn.IFS(C84="Yes",1,C84="Partial",0.5,C84="N/A","N/A",C84="No",0) -> 0.5 | E84: Partial controls in place — gap remediation plan or timeline requested.
A85: 62 | B85: Does the vendor maintain a formal compliance program with dedicated ownership? | C85: No | D85: =_xlfn.IFS(C85="Yes",1,C85="Partial",0.5,C85="N/A","N/A",C85="No",0) -> 0 | E85: Control not in place — vendor must provide remediation timeline.
A86: 63 | B86: Is the vendor's compliance posture reviewed as part of the contract renewal process? | C86: No | D86: =_xlfn.IFS(C86="Yes",1,C86="Partial",0.5,C86="N/A","N/A",C86="No",0) -> 0 | E86: Control not in place — vendor must provide remediation timeline.
B87: Domain 7 Score — Compliance & Certifications | D87: =IFERROR(AVERAGEIF(D78:D86,"<>N/A",D78:D86),0) -> 0.1875
A89: Domain 8: Fourth-Party / Subcontractor Risk
A90: 64 | B90: Does the vendor maintain an inventory of all subcontractors with access to client data? | C90: No | D90: =_xlfn.IFS(C90="Yes",1,C90="Partial",0.5,C90="N/A","N/A",C90="No",0) -> 0 | E90: Control not in place — vendor must provide remediation timeline.
A91: 65 | B91: Are subcontractors subject to security assessments before engagement? | C91: No | D91: =_xlfn.IFS(C91="Yes",1,C91="Partial",0.5,C91="N/A","N/A",C91="No",0) -> 0 | E91: Control not in place — vendor must provide remediation timeline.
A92: 66 | B92: Are subcontractors contractually required to meet equivalent security standards? | C92: No | D92: =_xlfn.IFS(C92="Yes",1,C92="Partial",0.5,C92="N/A","N/A",C92="No",0) -> 0 | E92: Control not in place — vendor must provide remediation timeline.
A93: 67 | B93: Does the vendor require notification to Meridian Pay before engaging new subcontractors? | C93: No | D93: =_xlfn.IFS(C93="Yes",1,C93="Partial",0.5,C93="N/A","N/A",C93="No",0) -> 0 | E93: Control not in place — vendor must provide remediation timeline.
A94: 68 | B94: Are subcontractor access rights limited to the minimum necessary for service delivery? | C94: Partial | D94: =_xlfn.IFS(C94="Yes",1,C94="Partial",0.5,C94="N/A","N/A",C94="No",0) -> 0.5 | E94: Partial controls in place — gap remediation plan or timeline requested.
A95: 69 | B95: Are subcontractor relationships included in the vendor's BCP/DRP scope? | C95: No | D95: =_xlfn.IFS(C95="Yes",1,C95="Partial",0.5,C95="N/A","N/A",C95="No",0) -> 0 | E95: Control not in place — vendor must provide remediation timeline.
A96: 70 | B96: Does the vendor conduct periodic reviews of subcontractor compliance? | C96: No | D96: =_xlfn.IFS(C96="Yes",1,C96="Partial",0.5,C96="N/A","N/A",C96="No",0) -> 0 | E96: Control not in place — vendor must provide remediation timeline.
A97: 71 | B97: Are subcontractors prohibited from further sub-contracting without prior approval? | C97: No | D97: =_xlfn.IFS(C97="Yes",1,C97="Partial",0.5,C97="N/A","N/A",C97="No",0) -> 0 | E97: Control not in place — vendor must provide remediation timeline.
B98: Domain 8 Score — Fourth-Party / Subcontractor Risk | D98: =IFERROR(AVERAGEIF(D90:D97,"<>N/A",D90:D97),0) -> 0.0625
A100: OVERALL VENDOR SCORE | D100: =AVERAGE(D15,D27,D39,D51,D63,D75,D87,D98) -> 0.24652778
A101: RISK RATING | D101: =_xlfn.IFS(D100>=0.85,"Low Risk",D100>=0.65,"Medium Risk",D100>=0.45,"High Risk",D100<0.45,"Critical Risk") -> Critical Risk

Sheet HRIS - Payroll Vendo
A1: Vendor Risk Assessment — HRIS / Payroll Vendor
A2: Service: HR & Payroll Processing | Risk Tier: Tier 2 – High | Meridian Pay Solutions | Q1 2026
A4: # | B4: Question | C4: Response (Y/P/N/NA) | D4: Score | E4: Notes / Evidence Required
A5: Domain 1: Organizational Security Governance
A6: 1 | B6: Does the vendor have a documented Information Security Policy reviewed at least annually? | C6: Yes | D6: =_xlfn.IFS(C6="Yes",1,C6="Partial",0.5,C6="N/A","N/A",C6="No",0) -> 1 | E6: Documentation / certification on file or available upon request.
A7: 2 | B7: Is there a dedicated security leadership role (CISO or equivalent)? | C7: Partial | D7: =_xlfn.IFS(C7="Yes",1,C7="Partial",0.5,C7="N/A","N/A",C7="No",0) -> 0.5 | E7: Partial controls in place — gap remediation plan or timeline requested.
A8: 3 | B8: Does the vendor conduct annual security risk assessments? | C8: Yes | D8: =_xlfn.IFS(C8="Yes",1,C8="Partial",0.5,C8="N/A","N/A",C8="No",0) -> 1 | E8: Documentation / certification on file or available upon request.
A9: 4 | B9: Are security roles and responsibilities formally documented and communicated to staff? | C9: Yes | D9: =_xlfn.IFS(C9="Yes",1,C9="Partial",0.5,C9="N/A","N/A",C9="No",0) -> 1 | E9: Documentation / certification on file or available upon request.
A10: 5 | B10: Does the vendor maintain a security awareness training program for all employees? | C10: Yes | D10: =_xlfn.IFS(C10="Yes",1,C10="Partial",0.5,C10="N/A","N/A",C10="No",0) -> 1 | E10: Documentation / certification on file or available upon request.
A11: 6 | B11: Does the vendor have a formal third-party / supply chain risk management program? | C11: Partial | D11: =_xlfn.IFS(C11="Yes",1,C11="Partial",0.5,C11="N/A","N/A",C11="No",0) -> 0.5 | E11: Partial controls in place — gap remediation plan or timeline requested.
A12: 7 | B12: Are security metrics reported regularly to executive leadership or a board? | C12: Partial | D12: =_xlfn.IFS(C12="Yes",1,C12="Partial",0.5,C12="N/A","N/A",C12="No",0) -> 0.5 | E12: Partial controls in place — gap remediation plan or timeline requested.
A13: 8 | B13: Does the vendor perform background checks on employees with access to client data? | C13: Yes | D13: =_xlfn.IFS(C13="Yes",1,C13="Partial",0.5,C13="N/A","N/A",C13="No",0) -> 1 | E13: Documentation / certification on file or available upon request.
A14: 9 | B14: Does the vendor have a documented acceptable use policy for systems and data? | C14: Yes | D14: =_xlfn.IFS(C14="Yes",1,C14="Partial",0.5,C14="N/A","N/A",C14="No",0) -> 1 | E14: Documentation / certification on file or available upon request.
B15: Domain 1 Score — Organizational Security Governance | D15: =IFERROR(AVERAGEIF(D6:D14,"<>N/A",D6:D14),0) -> 0.83333333
A17: Domain 2: Data Security & Classification
A18: 10 | B18: Does the vendor maintain a data classification policy (e.g., Public, Confidential, Restricted)? | C18: Yes | D18: =_xlfn.IFS(C18="Yes",1,C18="Partial",0.5,C18="N/A","N/A",C18="No",0) -> 1 | E18: Documentation / certification on file or available upon request.
A19: 11 | B19: Is data at rest encrypted using industry-standard algorithms (AES-256 or equivalent)? | C19: Yes | D19: =_xlfn.IFS(C19="Yes",1,C19="Partial",0.5,C19="N/A","N/A",C19="No",0) -> 1 | E19: Documentation / certification on file or available upon request.
A20: 12 | B20: Is data in transit encrypted using TLS 1.2 or higher? | C20: Yes | D20: =_xlfn.IFS(C20="Yes",1,C20="Partial",0.5,C20="N/A","N/A",C20="No",0) -> 1 | E20: Documentation / certification on file or available upon request.
A21: 13 | B21: Does the vendor maintain a data inventory identifying where client data is stored and processed? | C21: Partial | D21: =_xlfn.IFS(C21="Yes",1,C21="Partial",0.5,C21="N/A","N/A",C21="No",0) -> 0.5 | E21: Partial controls in place — gap remediation plan or timeline requested.
A22: 14 | B22: Are data retention and destruction policies documented and enforced? | C22: Yes | D22: =_xlfn.IFS(C22="Yes",1,C22="Partial",0.5,C22="N/A","N/A",C22="No",0) -> 1 | E22: Documentation / certification on file or available upon request.
A23: 15 | B23: Does the vendor restrict data processing to agreed geographic regions / jurisdictions? | C23: Yes | D23: =_xlfn.IFS(C23="Yes",1,C23="Partial",0.5,C23="N/A","N/A",C23="No",0) -> 1 | E23: Documentation / certification on file or available upon request.
A24: 16 | B24: Are encryption keys managed via a formal key management process (rotation, revocation)? | C24: Partial | D24: =_xlfn.IFS(C24="Yes",1,C24="Partial",0.5,C24="N/A","N/A",C24="No",0) -> 0.5 | E24: Partial controls in place — gap remediation plan or timeline requested.
A25: 17 | B25: Is client data logically separated from other customers' data (multi-tenant controls)? | C25: Yes | D25: =_xlfn.IFS(C25="Yes",1,C25="Partial",0.5,C25="N/A","N/A",C25="No",0) -> 1 | E25: Documentation / certification on file or available upon request.
A26: 18 | B26: Does the vendor have controls preventing unauthorized copying or exfiltration of data? | C26: Partial | D26: =_xlfn.IFS(C26="Yes",1,C26="Partial",0.5,C26="N/A","N/A",C26="No",0) -> 0.5 | E26: Partial controls in place — gap remediation plan or timeline requested.
B27: Domain 2 Score — Data Security & Classification | D27: =IFERROR(AVERAGEIF(D18:D26,"<>N/A",D18:D26),0) -> 0.83333333
A29: Domain 3: Access Control & Identity Management
A30: 19 | B30: Is multi-factor authentication (MFA) enforced for all access to systems handling client data? | C30: Yes | D30: =_xlfn.IFS(C30="Yes",1,C30="Partial",0.5,C30="N/A","N/A",C30="No",0) -> 1 | E30: Documentation / certification on file or available upon request.
A31: 20 | B31: Is role-based access control (RBAC) implemented with least-privilege principles? | C31: Yes | D31: =_xlfn.IFS(C31="Yes",1,C31="Partial",0.5,C31="N/A","N/A",C31="No",0) -> 1 | E31: Documentation / certification on file or available upon request.
A32: 21 | B32: Are privileged accounts (admin/root) managed separately with enhanced controls? | C32: Yes | D32: =_xlfn.IFS(C32="Yes",1,C32="Partial",0.5,C32="N/A","N/A",C32="No",0) -> 1 | E32: Documentation / certification on file or available upon request.
A33: 22 | B33: Are access rights reviewed and recertified at least quarterly? | C33: Partial | D33: =_xlfn.IFS(C33="Yes",1,C33="Partial",0.5,C33="N/A","N/A",C33="No",0) -> 0.5 | E33: Partial controls in place — gap remediation plan or timeline requested.
A34: 23 | B34: Is access promptly revoked upon employee termination or role change? | C34: Yes | D34: =_xlfn.IFS(C34="Yes",1,C34="Partial",0.5,C34="N/A","N/A",C34="No",0) -> 1 | E34: Documentation / certification on file or available upon request.
A35: 24 | B35: Are all remote access sessions secured via VPN or equivalent encrypted tunnel? | C35: Yes | D35: =_xlfn.IFS(C35="Yes",1,C35="Partial",0.5,C35="N/A","N/A",C35="No",0) -> 1 | E35: Documentation / certification on file or available upon request.
A36: 25 | B36: Is single sign-on (SSO) implemented with a centralized identity provider? | C36: Partial | D36: =_xlfn.IFS(C36="Yes",1,C36="Partial",0.5,C36="N/A","N/A",C36="No",0) -> 0.5 | E36: Partial controls in place — gap remediation plan or timeline requested.
A37: 26 | B37: Are service accounts inventoried and subject to the same access controls as user accounts? | C37: Partial | D37: =_xlfn.IFS(C37="Yes",1,C37="Partial",0.5,C37="N/A","N/A",C37="No",0) -> 0.5 | E37: Partial controls in place — gap remediation plan or timeline requested.
A38: 27 | B38: Does the vendor log and monitor all privileged account activity? | C38: Partial | D38: =_xlfn.IFS(C38="Yes",1,C38="Partial",0.5,C38="N/A","N/A",C38="No",0) -> 0.5 | E38: Partial controls in place — gap remediation plan or timeline requested.
B39: Domain 3 Score — Access Control & Identity Management | D39: =IFERROR(AVERAGEIF(D30:D38,"<>N/A",D30:D38),0) -> 0.77777778
A41: Domain 4: Incident Response & Notification
A42: 28 | B42: Does the vendor have a documented and tested Incident Response Plan (IRP)? | C42: Yes | D42: =_xlfn.IFS(C42="Yes",1,C42="Partial",0.5,C42="N/A","N/A",C42="No",0) -> 1 | E42: Documentation / certification on file or available upon request.
A43: 29 | B43: Are incident response roles and responsibilities (RACI) formally defined? | C43: Yes | D43: =_xlfn.IFS(C43="Yes",1,C43="Partial",0.5,C43="N/A","N/A",C43="No",0) -> 1 | E43: Documentation / certification on file or available upon request.
A44: 30 | B44: Does the vendor conduct tabletop exercises or simulated incident drills at least annually? | C44: Partial | D44: =_xlfn.IFS(C44="Yes",1,C44="Partial",0.5,C44="N/A","N/A",C44="No",0) -> 0.5 | E44: Partial controls in place — gap remediation plan or timeline requested.
A45: 31 | B45: Is there a defined incident severity classification and escalation framework? | C45: Yes | D45: =_xlfn.IFS(C45="Yes",1,C45="Partial",0.5,C45="N/A","N/A",C45="No",0) -> 1 | E45: Documentation / certification on file or available upon request.
A46: 32 | B46: Will the vendor notify Meridian Pay of a confirmed breach within 24 hours of discovery? | C46: Yes | D46: =_xlfn.IFS(C46="Yes",1,C46="Partial",0.5,C46="N/A","N/A",C46="No",0) -> 1 | E46: Documentation / certification on file or available upon request.
A47: 33 | B47: Does the vendor maintain forensic readiness procedures (evidence preservation)? | C47: Partial | D47: =_xlfn.IFS(C47="Yes",1,C47="Partial",0.5,C47="N/A","N/A",C47="No",0) -> 0.5 | E47: Partial controls in place — gap remediation plan or timeline requested.
A48: 34 | B48: Is there a defined process for post-incident review and lessons-learned documentation? | C48: Yes | D48: =_xlfn.IFS(C48="Yes",1,C48="Partial",0.5,C48="N/A","N/A",C48="No",0) -> 1 | E48: Documentation / certification on file or available upon request.
A49: 35 | B49: Does the vendor have a 24/7 security operations or on-call capability for incident response? | C49: Partial | D49: =_xlfn.IFS(C49="Yes",1,C49="Partial",0.5,C49="N/A","N/A",C49="No",0) -> 0.5 | E49: Partial controls in place — gap remediation plan or timeline requested.
A50: 36 | B50: Are breach notification procedures mapped to applicable regulatory timelines? | C50: Yes | D50: =_xlfn.IFS(C50="Yes",1,C50="Partial",0.5,C50="N/A","N/A",C50="No",0) -> 1 | E50: Documentation / certification on file or available upon request.
B51: Domain 4 Score — Incident Response & Notification | D51: =IFERROR(AVERAGEIF(D42:D50,"<>N/A",D42:D50),0) -> 0.83333333
A53: Domain 5: Business Continuity & Disaster Recovery
A54: 37 | B54: Does the vendor have a documented Business Continuity Plan (BCP)? | C54: Yes | D54: =_xlfn.IFS(C54="Yes",1,C54="Partial",0.5,C54="N/A","N/A",C54="No",0) -> 1 | E54: Documentation / certification on file or available upon request.
A55: 38 | B55: Does the vendor have a documented Disaster Recovery Plan (DRP)? | C55: Yes | D55: =_xlfn.IFS(C55="Yes",1,C55="Partial",0.5,C55="N/A","N/A",C55="No",0) -> 1 | E55: Documentation / certification on file or available upon request.
A56: 39 | B56: Are BCP/DRP tested via tabletop exercises or live failover at least annually? | C56: Partial | D56: =_xlfn.IFS(C56="Yes",1,C56="Partial",0.5,C56="N/A","N/A",C56="No",0) -> 0.5 | E56: Partial controls in place — gap remediation plan or timeline requested.
A57: 40 | B57: Are Recovery Time Objectives (RTO) and Recovery Point Objectives (RPO) formally defined? | C57: Yes | D57: =_xlfn.IFS(C57="Yes",1,C57="Partial",0.5,C57="N/A","N/A",C57="No",0) -> 1 | E57: Documentation / certification on file or available upon request.
A58: 41 | B58: Are production systems and data backed up at a frequency consistent with defined RPO? | C58: Yes | D58: =_xlfn.IFS(C58="Yes",1,C58="Partial",0.5,C58="N/A","N/A",C58="No",0) -> 1 | E58: Documentation / certification on file or available upon request.
A59: 42 | B59: Are backups stored in a geographically separate location from primary systems? | C59: Yes | D59: =_xlfn.IFS(C59="Yes",1,C59="Partial",0.5,C59="N/A","N/A",C59="No",0) -> 1 | E59: Documentation / certification on file or available upon request.
A60: 43 | B60: Are backup restoration procedures tested at least semi-annually? | C60: Partial | D60: =_xlfn.IFS(C60="Yes",1,C60="Partial",0.5,C60="N/A","N/A",C60="No",0) -> 0.5 | E60: Partial controls in place — gap remediation plan or timeline requested.
A61: 44 | B61: Does the vendor maintain redundant infrastructure (availability zones, failover)? | C61: Yes | D61: =_xlfn.IFS(C61="Yes",1,C61="Partial",0.5,C61="N/A","N/A",C61="No",0) -> 1 | E61: Documentation / certification on file or available upon request.
A62: 45 | B62: Are critical third-party dependencies included in BCP/DRP scope? | C62: Partial | D62: =_xlfn.IFS(C62="Yes",1,C62="Partial",0.5,C62="N/A","N/A",C62="No",0) -> 0.5 | E62: Partial controls in place — gap remediation plan or timeline requested.
B63: Domain 5 Score — Business Continuity & Disaster Recovery | D63: =IFERROR(AVERAGEIF(D54:D62,"<>N/A",D54:D62),0) -> 0.83333333
A65: Domain 6: Infrastructure & Network Security
A66: 46 | B66: Does the vendor conduct vulnerability scanning on a defined recurring schedule? | C66: Yes | D66: =_xlfn.IFS(C66="Yes",1,C66="Partial",0.5,C66="N/A","N/A",C66="No",0) -> 1 | E66: Documentation / certification on file or available upon request.
A67: 47 | B67: Does the vendor conduct penetration testing at least annually by a qualified third party? | C67: Partial | D67: =_xlfn.IFS(C67="Yes",1,C67="Partial",0.5,C67="N/A","N/A",C67="No",0) -> 0.5 | E67: Partial controls in place — gap remediation plan or timeline requested.
A68: 48 | B68: Are security patches applied within defined SLAs (e.g., critical within 30 days)? | C68: Yes | D68: =_xlfn.IFS(C68="Yes",1,C68="Partial",0.5,C68="N/A","N/A",C68="No",0) -> 1 | E68: Documentation / certification on file or available upon request.
A69: 49 | B69: Is network traffic segmented to isolate sensitive systems from general corporate networks? | C69: Yes | D69: =_xlfn.IFS(C69="Yes",1,C69="Partial",0.5,C69="N/A","N/A",C69="No",0) -> 1 | E69: Documentation / certification on file or available upon request.
A70: 50 | B70: Does the vendor operate a centralized SIEM or log management platform? | C70: Partial | D70: =_xlfn.IFS(C70="Yes",1,C70="Partial",0.5,C70="N/A","N/A",C70="No",0) -> 0.5 | E70: Partial controls in place — gap remediation plan or timeline requested.
A71: 51 | B71: Are security alerts monitored continuously (24/7) by a SOC or equivalent function? | C71: Partial | D71: =_xlfn.IFS(C71="Yes",1,C71="Partial",0.5,C71="N/A","N/A",C71="No",0) -> 0.5 | E71: Partial controls in place — gap remediation plan or timeline requested.
A72: 52 | B72: Is a Web Application Firewall (WAF) deployed for customer-facing applications? | C72: Yes | D72: =_xlfn.IFS(C72="Yes",1,C72="Partial",0.5,C72="N/A","N/A",C72="No",0) -> 1 | E72: Documentation / certification on file or available upon request.
A73: 53 | B73: Are endpoint devices managed and protected with EDR or equivalent endpoint controls? | C73: Yes | D73: =_xlfn.IFS(C73="Yes",1,C73="Partial",0.5,C73="N/A","N/A",C73="No",0) -> 1 | E73: Documentation / certification on file or available upon request.
A74: 54 | B74: Is configuration management / hardening applied to all production systems? | C74: Yes | D74: =_xlfn.IFS(C74="Yes",1,C74="Partial",0.5,C74="N/A","N/A",C74="No",0) -> 1 | E74: Documentation / certification on file or available upon request.
B75: Domain 6 Score — Infrastructure & Network Security | D75: =IFERROR(AVERAGEIF(D66:D74,"<>N/A",D66:D74),0) -> 0.83333333
A77: Domain 7: Compliance & Certifications
A78: 55 | B78: Does the vendor hold a current SOC 2 Type II report (within last 12 months)? | C78: Partial | D78: =_xlfn.IFS(C78="Yes",1,C78="Partial",0.5,C78="N/A","N/A",C78="No",0) -> 0.5 | E78: Partial controls in place — gap remediation plan or timeline requested.
A79: 56 | B79: Does the vendor hold ISO 27001 certification or equivalent? | C79: No | D79: =_xlfn.IFS(C79="Yes",1,C79="Partial",0.5,C79="N/A","N/A",C79="No",0) -> 0 | E79: Control not in place — vendor must provide remediation timeline.
A80: 57 | B80: Is the vendor PCI-DSS compliant (if applicable to services provided)? | C80: N/A | D80: =_xlfn.IFS(C80="Yes",1,C80="Partial",0.5,C80="N/A","N/A",C80="No",0) -> N/A | E80: Not applicable to this vendor's service scope.
A81: 58 | B81: Does the vendor comply with applicable data privacy regulations (e.g., CCPA, GDPR)? | C81: Yes | D81: =_xlfn.IFS(C81="Yes",1,C81="Partial",0.5,C81="N/A","N/A",C81="No",0) -> 1 | E81: Documentation / certification on file or available upon request.
A82: 59 | B82: Are compliance certifications made available to Meridian Pay upon request? | C82: Yes | D82: =_xlfn.IFS(C82="Yes",1,C82="Partial",0.5,C82="N/A","N/A",C82="No",0) -> 1 | E82: Documentation / certification on file or available upon request.
A83: 60 | B83: Does the vendor undergo annual third-party security audits? | C83: Partial | D83: =_xlfn.IFS(C83="Yes",1,C83="Partial",0.5,C83="N/A","N/A",C83="No",0) -> 0.5 | E83: Partial controls in place — gap remediation plan or timeline requested.
A84: 61 | B84: Are audit findings tracked and remediated within agreed timeframes? | C84: Partial | D84: =_xlfn.IFS(C84="Yes",1,C84="Partial",0.5,C84="N/A","N/A",C84="No",0) -> 0.5 | E84: Partial controls in place — gap remediation plan or timeline requested.
A85: 62 | B85: Does the vendor maintain a formal compliance program with dedicated ownership? | C85: Partial | D85: =_xlfn.IFS(C85="Yes",1,C85="Partial",0.5,C85="N/A","N/A",C85="No",0) -> 0.5 | E85: Partial controls in place — gap remediation plan or timeline requested.
A86: 63 | B86: Is the vendor's compliance posture reviewed as part of the contract renewal process? | C86: Partial | D86: =_xlfn.IFS(C86="Yes",1,C86="Partial",0.5,C86="N/A","N/A",C86="No",0) -> 0.5 | E86: Partial controls in place — gap remediation plan or timeline requested.
B87: Domain 7 Score — Compliance & Certifications | D87: =IFERROR(AVERAGEIF(D78:D86,"<>N/A",D78:D86),0) -> 0.5625
A89: Domain 8: Fourth-Party / Subcontractor Risk
A90: 64 | B90: Does the vendor maintain an inventory of all subcontractors with access to client data? | C90: Partial | D90: =_xlfn.IFS(C90="Yes",1,C90="Partial",0.5,C90="N/A","N/A",C90="No",0) -> 0.5 | E90: Partial controls in place — gap remediation plan or timeline requested.
A91: 65 | B91: Are subcontractors subject to security assessments before engagement? | C91: Partial | D91: =_xlfn.IFS(C91="Yes",1,C91="Partial",0.5,C91="N/A","N/A",C91="No",0) -> 0.5 | E91: Partial controls in place — gap remediation plan or timeline requested.
A92: 66 | B92: Are subcontractors contractually required to meet equivalent security standards? | C92: Partial | D92: =_xlfn.IFS(C92="Yes",1,C92="Partial",0.5,C92="N/A","N/A",C92="No",0) -> 0.5 | E92: Partial controls in place — gap remediation plan or timeline requested.
A93: 67 | B93: Does the vendor require notification to Meridian Pay before engaging new subcontractors? | C93: Partial | D93: =_xlfn.IFS(C93="Yes",1,C93="Partial",0.5,C93="N/A","N/A",C93="No",0) -> 0.5 | E93: Partial controls in place — gap remediation plan or timeline requested.
A94: 68 | B94: Are subcontractor access rights limited to the minimum necessary for service delivery? | C94: Yes | D94: =_xlfn.IFS(C94="Yes",1,C94="Partial",0.5,C94="N/A","N/A",C94="No",0) -> 1 | E94: Documentation / certification on file or available upon request.
A95: 69 | B95: Are subcontractor relationships included in the vendor's BCP/DRP scope? | C95: Partial | D95: =_xlfn.IFS(C95="Yes",1,C95="Partial",0.5,C95="N/A","N/A",C95="No",0) -> 0.5 | E95: Partial controls in place — gap remediation plan or timeline requested.
A96: 70 | B96: Does the vendor conduct periodic reviews of subcontractor compliance? | C96: Partial | D96: =_xlfn.IFS(C96="Yes",1,C96="Partial",0.5,C96="N/A","N/A",C96="No",0) -> 0.5 | E96: Partial controls in place — gap remediation plan or timeline requested.
A97: 71 | B97: Are subcontractors prohibited from further sub-contracting without prior approval? | C97: No | D97: =_xlfn.IFS(C97="Yes",1,C97="Partial",0.5,C97="N/A","N/A",C97="No",0) -> 0 | E97: Control not in place — vendor must provide remediation timeline.
B98: Domain 8 Score — Fourth-Party / Subcontractor Risk | D98: =IFERROR(AVERAGEIF(D90:D97,"<>N/A",D90:D97),0) -> 0.5
A100: OVERALL VENDOR SCORE | D100: =AVERAGE(D15,D27,D39,D51,D63,D75,D87,D98) -> 0.75086806
A101: RISK RATING | D101: =_xlfn.IFS(D100>=0.85,"Low Risk",D100>=0.65,"Medium Risk",D100>=0.45,"High Risk",D100<0.45,"Critical Risk") -> Medium Risk

Sheet Scoring Legend
A1: Vendor Risk Scoring — Methodology & Legend
A2: Each question is scored: Yes = 1.0 | Partial = 0.5 | No = 0.0 | N/A = excluded from average
A4: Overall Score | B4: Risk Rating | C4: Interpretation | D4: Recommended Action
A5: ≥ 85% | B5: Low Risk | C5: Vendor demonstrates strong security controls with minimal gaps | D5: Annual reassessment; monitor certifications
A6: 65–84% | B6: Medium Risk | C6: Vendor has generally adequate controls with notable gaps in some areas | D6: Semi-annual check-in; request remediation plan for gaps
A7: 45–64% | B7: High Risk | C7: Vendor has significant control gaps posing material risk | D7: Immediate gap remediation required; quarterly monitoring
A8: < 45% | B8: Critical Risk | C8: Vendor has critical control failures; continued engagement poses significant risk | D8: Escalate to leadership; consider contract review or termination
